,Operación,Fecha Venta,Vendedor
0,Alquiler,2004-06-19,Carmen
1,Venta,2004-04-19,Pedro
2,Alquiler,2004-11-08,Joaquín
3,Alquiler,2004-04-27,Jesús
4,Venta,2004-07-10,María
5,Alquiler,2004-09-05,Pedro
6,Alquiler,2004-06-07,Pedro
7,Venta,2004-10-31,Jesús
8,Alquiler,2004-12-28,Jesús
9,Venta,2004-10-06,Joaquín
10,Alquiler,2004-10-28,Pedro
11,Venta,2004-04-05,Carmen
12,Venta,2004-11-04,Jesús
13,Venta,2004-10-01,Carmen
14,Alquiler,2004-11-29,Pedro
15,Alquiler,2004-11-21,Carmen
16,Alquiler,2004-10-08,Luisa
17,Venta,2004-06-06,Carmen
18,Alquiler,2004-04-09,Luisa
19,Alquiler,2004-08-19,María
20,Venta,2004-06-12,Carmen
21,Alquiler,2004-04-14,Pedro
22,Alquiler,2004-04-21,Luisa
23,Alquiler,2004-12-01,Joaquín
24,Alquiler,2004-05-23,Jesús
25,Alquiler,2004-06-22,Jesús
26,Alquiler,2004-12-23,Pedro
27,Alquiler,2004-06-16,Joaquín
28,Alquiler,2004-07-07,Luisa
29,Alquiler,2004-08-04,Carmen
30,Alquiler,2004-09-24,Jesús
31,Alquiler,2004-04-12,María
32,Alquiler,2004-07-03,María
33,Venta,2004-11-01,María
34,Alquiler,2004-12-31,Luisa
35,Alquiler,2004-12-02,Luisa
36,Venta,2004-07-09,Pedro
37,Alquiler,2004-12-08,Joaquín
38,Alquiler,2005-01-14,Joaquín
39,Venta,2004-07-22,Jesús
40,Venta,2004-09-23,Jesús
41,Venta,2004-11-20,Jesús
42,Alquiler,2004-09-22,María
43,Venta,2004-12-16,María
44,Alquiler,2005-01-02,Joaquín
45,Alquiler,2004-10-29,Carmen
46,Alquiler,2004-08-11,Luisa
47,Venta,2004-07-06,Jesús
48,Venta,2005-01-11,Jesús
49,Alquiler,2004-11-13,Carmen
50,Venta,2004-12-14,Joaquín
51,Alquiler,2004-09-26,María
52,Alquiler,2004-10-17,Carmen
53,Alquiler,2004-05-30,Luisa
54,Venta,2004-07-09,Carmen
55,Venta,2004-05-01,María
56,Alquiler,2004-07-04,Carmen
57,Alquiler,2004-12-21,María
58,Venta,2004-11-19,Joaquín
59,Alquiler,2004-06-28,Jesús
60,Venta,2004-09-12,Carmen
61,Venta,2005-01-23,Joaquín
62,Venta,2004-09-06,Luisa
63,Venta,2004-10-13,María
64,Venta,2004-05-26,Luisa
65,Venta,2004-12-24,Pedro
66,Alquiler,2004-10-15,Jesús
67,Alquiler,2004-06-28,Luisa
68,Venta,2004-10-09,María
69,Alquiler,2004-07-12,María
70,Venta,2004-11-01,Carmen
71,Venta,2004-10-15,Carmen
72,Alquiler,2004-09-04,Joaquín
73,Venta,2004-10-22,Joaquín
74,Venta,2004-08-14,Jesús
75,Alquiler,2004-12-28,Pedro
76,Alquiler,2004-06-25,Pedro
77,Venta,2004-10-04,María
78,Venta,2004-11-27,Carmen
79,Alquiler,2004-10-05,Carmen
80,Alquiler,2004-11-17,Pedro
81,Venta,2004-09-14,Pedro
82,Venta,2004-05-29,María
83,Venta,2004-07-28,Carmen
84,Alquiler,2004-06-03,Joaquín
85,Venta,2005-01-08,Jesús
86,Alquiler,2004-05-12,Luisa
87,Alquiler,2004-10-10,Pedro
88,Alquiler,2004-09-27,Jesús
89,Venta,2004-07-24,Pedro
90,Alquiler,2004-12-16,Joaquín
91,Alquiler,2004-05-06,Jesús
92,Alquiler,2004-10-23,Joaquín
93,Alquiler,2004-06-08,Luisa
94,Venta,2004-05-23,Joaquín
95,Alquiler,2005-02-05,Jesús
96,Venta,2004-11-07,Jesús
97,Venta,2005-02-01,Carmen
98,Alquiler,2004-12-22,María
99,Alquiler,2004-06-23,Jesús
100,Alquiler,2004-09-27,María
101,Venta,2004-05-23,Luisa
102,Alquiler,2004-07-19,María
103,Venta,2004-07-14,Luisa
104,Alquiler,2005-02-02,Luisa
105,Alquiler,2005-01-26,Pedro
106,Alquiler,2004-12-13,Jesús
107,Alquiler,2004-12-20,Joaquín
108,Alquiler,2004-08-09,Pedro
109,Venta,2004-12-20,Luisa
110,Alquiler,2004-11-25,Joaquín
111,Alquiler,2004-09-22,Pedro
112,Alquiler,2005-01-02,Luisa
113,Venta,2005-01-11,Joaquín
114,Venta,2004-08-15,Carmen
115,Venta,2005-01-04,Jesús
116,Venta,2004-09-26,Joaquín
117,Venta,2004-09-10,Luisa
118,Venta,2004-07-06,Pedro
119,Venta,2004-12-13,Jesús
120,Venta,2004-12-06,Jesús
121,Alquiler,2005-02-05,Pedro
122,Alquiler,2004-07-30,Pedro
123,Alquiler,2004-09-05,Joaquín
124,Venta,2004-08-25,Carmen
125,Venta,2004-08-31,María
126,Venta,2004-05-29,Jesús
127,Venta,2005-01-04,Luisa
128,Alquiler,2005-01-08,Carmen
129,Venta,2004-11-23,Luisa
130,Venta,2004-09-04,Carmen
131,Venta,2004-12-04,Jesús
132,Alquiler,2004-11-14,Pedro
133,Alquiler,2005-02-20,Joaquín
134,Venta,2004-10-05,Jesús
135,Alquiler,2004-06-24,Joaquín
136,Venta,2005-01-19,Pedro
137,Venta,2004-12-28,Luisa
138,Alquiler,2004-09-22,Joaquín
139,Venta,2004-06-02,María
140,Venta,2004-12-31,Joaquín
141,Venta,2004-09-23,Pedro
142,Alquiler,2004-12-28,María
143,Alquiler,2004-11-19,Pedro
144,Venta,2004-10-14,Pedro
145,Venta,2004-08-20,Luisa
146,Alquiler,2004-05-28,Joaquín
147,Venta,2004-05-30,María
148,Venta,2005-02-12,Luisa
149,Alquiler,2004-12-19,Jesús
150,Alquiler,2004-10-02,Luisa
151,Venta,2005-02-13,María
152,Venta,2004-07-13,María
153,Alquiler,2004-09-03,Pedro
154,Alquiler,2004-10-02,Pedro
155,Venta,2004-07-01,Pedro
156,Venta,2004-10-02,María
157,Alquiler,2004-10-10,Luisa
158,Venta,2004-08-01,Pedro
159,Venta,2004-07-23,María
160,Venta,2004-07-29,Jesús
161,Alquiler,2004-08-16,Jesús
162,Venta,2004-11-23,Carmen
163,Alquiler,2004-09-13,Carmen
164,Venta,2004-10-11,Luisa
165,Venta,2004-07-29,Luisa
166,Venta,2005-01-14,Luisa
167,Venta,2004-10-15,Joaquín
168,Alquiler,2004-07-14,Jesús
169,Alquiler,2005-02-20,Joaquín
170,Venta,2004-11-13,Joaquín
171,Alquiler,2004-10-19,María
172,Venta,2005-03-08,Joaquín
173,Alquiler,2004-08-25,Joaquín
174,Venta,2004-08-25,Carmen
175,Alquiler,2004-08-30,Jesús
176,Venta,2004-09-01,Jesús
177,Venta,2004-10-26,María
178,Venta,2005-02-27,Jesús
179,Alquiler,2004-06-21,Jesús
180,Venta,2004-08-11,Joaquín
181,Alquiler,2004-08-25,Joaquín
182,Alquiler,2004-09-02,Carmen
183,Venta,2004-10-24,Pedro
184,Venta,2004-08-27,María
185,Alquiler,2004-10-23,Jesús
186,Alquiler,2004-12-10,María
187,Venta,2005-02-08,Carmen
188,Venta,2004-10-25,Jesús
189,Alquiler,2004-10-25,Pedro
190,Alquiler,2004-07-23,Carmen
191,Venta,2005-03-09,Pedro
192,Venta,2004-10-07,María
193,Alquiler,2004-09-14,Pedro
194,Venta,2004-07-21,Carmen
195,Alquiler,2004-11-10,Carmen
196,Venta,2005-01-13,Carmen
197,Alquiler,2004-08-14,Pedro
198,Venta,2005-03-10,María
199,Venta,2004-09-26,Pedro
200,Venta,2004-11-09,Pedro
201,Alquiler,2004-08-13,María
202,Alquiler,2004-07-16,Luisa
203,Alquiler,2004-11-09,Luisa
204,Venta,2004-12-04,Luisa
205,Alquiler,2005-02-21,Joaquín
206,Alquiler,2004-08-19,Luisa
207,Venta,2004-09-27,Pedro
208,Venta,2004-09-21,María
209,Alquiler,2005-03-03,Carmen
210,Alquiler,2004-08-11,Carmen
211,Alquiler,2004-10-25,Carmen
212,Alquiler,2005-01-19,Pedro
213,Venta,2004-08-26,Carmen
214,Alquiler,2004-07-13,Pedro
215,Venta,2005-02-02,María
216,Alquiler,2004-11-03,Luisa
217,Alquiler,2004-12-31,Carmen
218,Alquiler,2005-03-28,Luisa
219,Alquiler,2004-09-17,Jesús
220,Alquiler,2004-08-27,Pedro
221,Alquiler,2004-10-02,María
222,Alquiler,2004-09-09,Luisa
223,Venta,2004-08-21,Luisa
224,Alquiler,2004-12-15,Jesús
225,Alquiler,2004-08-29,Joaquín
226,Venta,2004-09-09,Luisa
227,Venta,2004-11-12,Jesús
228,Venta,2005-01-25,Carmen
229,Alquiler,2005-03-01,Pedro
230,Alquiler,2005-02-18,Pedro
231,Venta,2004-11-03,María
232,Alquiler,2004-10-05,Joaquín
233,Venta,2005-03-26,Carmen
234,Venta,2004-11-02,Pedro
235,Venta,2004-08-26,Carmen
236,Venta,2004-10-07,Pedro
237,Alquiler,2005-02-01,Jesús
238,Alquiler,2005-01-02,Pedro
239,Venta,2004-12-03,Luisa
240,Venta,2004-07-26,Carmen
241,Venta,2004-08-16,Jesús
242,Venta,2005-03-31,Luisa
243,Alquiler,2004-12-22,María
244,Venta,2004-07-07,Joaquín
245,Venta,2005-04-08,Jesús
246,Alquiler,2004-12-09,Jesús
247,Alquiler,2004-12-26,Pedro
248,Venta,2004-12-13,Joaquín
249,Alquiler,2005-02-01,Pedro
250,Venta,2005-01-22,Pedro
251,Alquiler,2004-10-15,María
252,Venta,2004-08-08,María
253,Venta,2004-10-29,Pedro
254,Alquiler,2005-03-04,Pedro
255,Venta,2004-10-05,Carmen
256,Alquiler,2005-02-09,Carmen
257,Alquiler,2005-02-13,María
258,Venta,2005-02-26,Luisa
259,Alquiler,2004-12-09,Luisa
260,Alquiler,2005-04-07,Joaquín
261,Alquiler,2004-09-14,Luisa
262,Alquiler,2004-08-06,María
263,Alquiler,2005-03-02,Jesús
264,Venta,2004-11-21,Luisa
265,Alquiler,2004-09-16,Jesús
266,Venta,2004-09-27,Carmen
267,Alquiler,2005-02-15,María
268,Venta,2004-09-01,María
269,Alquiler,2004-10-31,Joaquín
270,Alquiler,2005-01-02,Jesús
271,Venta,2004-09-03,Carmen
272,Alquiler,2005-02-14,Joaquín
273,Alquiler,2005-03-17,Jesús
274,Alquiler,2004-11-20,Pedro
275,Alquiler,2004-11-17,Pedro
276,Venta,2005-01-06,Jesús
277,Alquiler,2004-08-25,Carmen
278,Venta,2005-02-26,María
279,Venta,2004-08-25,Pedro
280,Venta,2005-04-13,Carmen
281,Venta,2004-12-28,Jesús
282,Alquiler,2004-11-27,Pedro
283,Alquiler,2004-10-20,Luisa
284,Alquiler,2005-01-10,Jesús
285,Venta,2005-01-24,Jesús
286,Alquiler,2004-07-22,Jesús
287,Alquiler,2005-01-19,Luisa
288,Venta,2005-02-17,Pedro
289,Alquiler,2005-03-27,Jesús
290,Alquiler,2004-09-11,Pedro
291,Venta,2005-03-08,Pedro
292,Venta,2005-02-09,Luisa
293,Venta,2005-03-18,Carmen
294,Venta,2004-11-21,Luisa
295,Alquiler,2005-03-28,Pedro
296,Alquiler,2004-07-28,Pedro
297,Venta,2004-11-23,Luisa
298,Venta,2005-04-16,Joaquín
299,Alquiler,2005-02-06,Carmen
300,Alquiler,2005-02-12,Carmen
301,Alquiler,2005-03-22,Pedro
302,Venta,2004-08-30,Carmen
303,Alquiler,2005-02-16,Pedro
304,Venta,2004-11-18,Joaquín
305,Venta,2004-09-28,Jesús
306,Venta,2005-04-14,Carmen
307,Alquiler,2005-03-16,Carmen
308,Alquiler,2004-09-06,Luisa
309,Venta,2004-09-23,Pedro
310,Venta,2004-12-29,Carmen
311,Venta,2005-01-07,Luisa
312,Alquiler,2005-02-13,Luisa
313,Alquiler,2005-03-21,Joaquín
314,Alquiler,2005-02-14,Joaquín
315,Alquiler,2005-02-07,Carmen
316,Alquiler,2004-08-26,Jesús
317,Alquiler,2004-11-17,Jesús
318,Venta,2004-09-04,Luisa
319,Alquiler,2004-08-04,María
320,Alquiler,2004-08-12,Pedro
321,Venta,2004-11-09,María
322,Venta,2004-10-15,María
323,Alquiler,2004-12-31,Carmen
324,Venta,2004-08-30,Joaquín
325,Alquiler,2004-10-08,Luisa
326,Venta,2005-03-28,Jesús
327,Venta,2005-04-17,Jesús
328,Venta,2004-11-11,María
329,Alquiler,2004-10-26,Pedro
330,Alquiler,2004-12-08,Luisa
331,Alquiler,2005-03-31,Luisa
332,Venta,2004-08-25,Jesús
333,Alquiler,2005-01-22,Pedro
334,Venta,2005-04-27,Joaquín
335,Alquiler,2005-01-28,María
336,Venta,2004-09-15,Pedro
337,Alquiler,2005-01-28,Carmen
338,Alquiler,2004-09-04,Joaquín
339,Venta,2004-12-01,Jesús
340,Venta,2004-11-02,Pedro
341,Alquiler,2004-12-21,Pedro
342,Venta,2004-11-12,Luisa
343,Venta,2004-09-19,Jesús
344,Alquiler,2005-01-01,Jesús
345,Venta,2004-12-23,Pedro
346,Venta,2004-09-18,Carmen
347,Alquiler,2005-03-26,Joaquín
348,Venta,2004-11-01,María
349,Venta,2004-09-21,María
350,Alquiler,2005-04-24,Pedro
351,Venta,2004-10-10,Luisa
352,Alquiler,2004-08-14,Carmen
353,Venta,2005-03-30,Carmen
354,Alquiler,2004-10-15,Carmen
355,Alquiler,2005-02-03,Luisa
356,Venta,2004-08-19,Pedro
357,Venta,2004-11-04,Joaquín
358,Venta,2005-03-18,Jesús
359,Venta,2005-03-19,Luisa
360,Venta,2005-03-10,Luisa
361,Venta,2004-12-02,Luisa
362,Alquiler,2005-03-30,Carmen
363,Venta,2004-12-26,Luisa
364,Alquiler,2004-10-16,María
365,Venta,2005-05-10,Jesús
366,Alquiler,2005-03-24,Jesús
367,Venta,2004-10-18,Carmen
368,Alquiler,2004-12-27,Luisa
369,Alquiler,2004-09-14,Jesús
370,Venta,2004-12-08,Luisa
371,Alquiler,2005-05-03,Luisa
372,Alquiler,2005-05-21,Pedro
373,Alquiler,2004-11-13,Jesús
374,Venta,2005-04-10,María
375,Alquiler,2004-09-04,Jesús
376,Alquiler,2005-04-16,Pedro
377,Alquiler,2004-09-17,María
378,Venta,2004-10-13,Jesús
379,Venta,2005-03-27,Carmen
380,Venta,2004-10-21,Joaquín
381,Alquiler,2005-04-24,Luisa
382,Alquiler,2004-12-28,Joaquín
383,Venta,2004-10-20,Joaquín
384,Venta,2005-03-20,Luisa
385,Alquiler,2004-09-13,Pedro
386,Venta,2004-09-04,Joaquín
387,Alquiler,2005-02-13,Jesús
388,Alquiler,2005-02-02,Luisa
389,Alquiler,2004-12-10,Luisa
390,Venta,2005-03-29,Carmen
391,Alquiler,2005-02-06,Jesús
392,Venta,2005-03-04,Pedro
393,Alquiler,2005-04-17,María
394,Alquiler,2005-05-23,Carmen
395,Alquiler,2004-09-07,Jesús
396,Venta,2005-05-10,Joaquín
397,Venta,2004-11-08,Luisa
398,Venta,2005-01-24,Pedro
399,Venta,2005-01-22,Carmen
400,Alquiler,2005-06-02,Pedro
401,Alquiler,2005-01-21,María
402,Venta,2005-04-26,Jesús
403,Alquiler,2005-03-22,Carmen
404,Venta,2005-01-20,Jesús
405,Venta,2005-02-23,Carmen
406,Venta,2004-12-16,María
407,Alquiler,2005-01-22,Pedro
408,Venta,2005-04-05,Luisa
409,Alquiler,2004-10-30,Luisa
410,Venta,2004-11-27,Luisa
411,Venta,2004-10-14,María
412,Alquiler,2005-05-14,Luisa
413,Venta,2004-09-23,Luisa
414,Venta,2004-12-17,Carmen
415,Alquiler,2004-09-11,Carmen
416,Venta,2005-04-14,Luisa
417,Alquiler,2005-01-26,Joaquín
418,Venta,2004-12-06,Luisa
419,Alquiler,2005-05-29,Carmen
420,Venta,2005-05-05,Pedro
421,Alquiler,2004-11-09,Jesús
422,Alquiler,2004-12-16,Luisa
423,Venta,2004-11-06,Jesús
424,Venta,2004-12-11,María
425,Alquiler,2004-10-12,Jesús
426,Venta,2005-05-04,Carmen
427,Alquiler,2005-01-04,Carmen
428,Alquiler,2004-11-02,Jesús
429,Venta,2004-10-29,Luisa
430,Alquiler,2004-12-19,Jesús
431,Alquiler,2005-01-01,Joaquín
432,Venta,2005-06-04,Carmen
433,Alquiler,2004-12-15,Joaquín
434,Alquiler,2005-02-03,Jesús
435,Venta,2004-11-20,Carmen
436,Venta,2005-05-03,Luisa
437,Venta,2004-12-26,Luisa
438,Alquiler,2004-10-23,Luisa
439,Venta,2004-09-19,Jesús
440,Venta,2004-11-09,Carmen
441,Venta,2005-02-26,Pedro
442,Alquiler,2004-10-14,Jesús
443,Venta,2005-06-09,Luisa
444,Alquiler,2004-11-25,Jesús
445,Alquiler,2005-03-18,Jesús
446,Alquiler,2005-01-24,Pedro
447,Alquiler,2004-10-02,Pedro
448,Venta,2005-04-08,Pedro
449,Alquiler,2005-05-01,Luisa
450,Venta,2005-04-25,Joaquín
451,Venta,2004-11-13,Pedro
452,Venta,2005-04-08,Jesús
453,Alquiler,2004-10-06,Luisa
454,Alquiler,2005-01-02,Carmen
455,Venta,2004-12-31,María
456,Alquiler,2005-06-05,Luisa
457,Alquiler,2004-10-03,Jesús
458,Venta,2004-11-03,María
459,Alquiler,2005-03-12,Joaquín
460,Venta,2004-09-26,María
461,Alquiler,2005-04-28,María
462,Venta,2005-06-01,Pedro
463,Alquiler,2005-06-15,Luisa
464,Alquiler,2005-03-15,Pedro
465,Alquiler,2004-10-03,Joaquín
466,Venta,2005-06-16,Pedro
467,Venta,2005-04-02,Jesús
468,Alquiler,2004-12-13,Pedro
469,Venta,2004-11-01,Jesús
470,Venta,2005-01-14,Pedro
471,Venta,2005-01-08,María
472,Alquiler,2005-03-26,Carmen
473,Venta,2005-06-23,Jesús
474,Alquiler,2004-12-03,Pedro
475,Alquiler,2005-05-25,Carmen
476,Alquiler,2004-10-20,Jesús
477,Alquiler,2005-05-13,Luisa
478,Venta,2005-05-26,Luisa
479,Venta,2004-10-07,Luisa
480,Alquiler,2005-01-10,Jesús
481,Venta,2005-06-16,María
482,Venta,2005-01-04,Carmen
483,Venta,2004-12-03,Luisa
484,Alquiler,2005-02-27,Luisa
485,Venta,2005-06-04,Luisa
486,Venta,2005-01-21,Carmen
487,Alquiler,2005-05-17,Carmen
488,Venta,2005-01-30,Luisa
489,Alquiler,2005-04-08,Luisa
490,Alquiler,2005-06-04,Luisa
491,Venta,2005-03-10,Jesús
492,Alquiler,2004-12-21,María
493,Venta,2005-07-03,Luisa
494,Venta,2005-06-28,Luisa
495,Alquiler,2004-12-07,Jesús
496,Venta,2005-04-02,Pedro
497,Alquiler,2005-07-03,Luisa
498,Venta,2005-05-22,Joaquín
499,Alquiler,2005-05-06,Pedro
500,Venta,2005-02-02,Pedro
501,Alquiler,2005-01-29,Jesús
502,Venta,2005-06-07,María
503,Venta,2005-04-09,María
504,Venta,2005-05-16,Luisa
505,Alquiler,2004-10-14,Luisa
506,Alquiler,2004-11-07,Carmen
507,Venta,2004-11-22,Jesús
508,Venta,2005-02-01,Pedro
509,Alquiler,2005-07-05,Joaquín
510,Venta,2005-03-22,Jesús
511,Alquiler,2004-11-13,Joaquín
512,Alquiler,2005-01-21,Jesús
513,Venta,2004-12-28,Luisa
514,Alquiler,2004-12-22,Carmen
515,Alquiler,2005-06-23,Carmen
516,Venta,2005-01-16,Pedro
517,Venta,2004-10-24,Luisa
518,Alquiler,2005-01-30,Luisa
519,Alquiler,2005-01-24,María
520,Venta,2004-12-08,Luisa
521,Venta,2005-03-03,Carmen
522,Alquiler,2005-03-25,Carmen
523,Alquiler,2005-06-24,Pedro
524,Venta,2005-01-09,Pedro
525,Venta,2005-03-07,María
526,Alquiler,2004-11-13,Joaquín
527,Alquiler,2005-02-04,Joaquín
528,Alquiler,2005-06-14,Carmen
529,Venta,2005-06-12,María
530,Alquiler,2005-06-14,Carmen
531,Alquiler,2005-02-20,Carmen
532,Venta,2005-04-12,Carmen
533,Venta,2004-12-27,Luisa
534,Alquiler,2005-05-07,Carmen
535,Venta,2005-06-30,Joaquín
536,Alquiler,2005-04-30,Luisa
537,Alquiler,2005-03-09,María
538,Alquiler,2005-07-11,María
539,Alquiler,2005-01-25,Joaquín
540,Alquiler,2005-06-20,Jesús
541,Venta,2004-10-24,María
542,Venta,2005-01-21,Pedro
543,Venta,2005-03-10,Carmen
544,Venta,2005-03-12,Jesús
545,Venta,2005-03-08,María
546,Alquiler,2004-12-13,Jesús
547,Venta,2004-10-21,Carmen
548,Venta,2005-06-27,Carmen
549,Alquiler,2005-04-27,Luisa
550,Alquiler,2004-10-31,Pedro
551,Venta,2005-06-26,Carmen
552,Venta,2004-12-15,Pedro
553,Venta,2004-11-21,Joaquín
554,Venta,2004-12-25,Luisa
555,Venta,2005-02-08,Carmen
556,Alquiler,2005-04-14,Joaquín
557,Alquiler,2005-03-08,Luisa
558,Alquiler,2004-10-26,Pedro
559,Alquiler,2004-12-01,Pedro
560,Alquiler,2005-07-01,Jesús
561,Alquiler,2005-06-21,Joaquín
562,Venta,2005-04-27,Jesús
563,Alquiler,2005-04-30,Jesús
564,Venta,2004-11-15,Joaquín
565,Alquiler,2005-01-15,María
566,Venta,2005-01-08,Joaquín
567,Venta,2005-05-11,Luisa
568,Alquiler,2005-03-07,Luisa
569,Alquiler,2005-01-23,Pedro
570,Alquiler,2004-12-20,Jesús
571,Alquiler,2005-07-01,Carmen
572,Venta,2004-12-14,Jesús
573,Alquiler,2005-05-30,Carmen
574,Alquiler,2005-04-21,Joaquín
575,Venta,2005-02-20,Pedro
576,Venta,2005-06-22,Joaquín
577,Venta,2004-12-25,Joaquín
578,Venta,2005-04-17,Luisa
579,Venta,2005-07-20,María
580,Venta,2004-11-16,Jesús
581,Venta,2004-11-22,Jesús
582,Venta,2005-03-23,Pedro
583,Alquiler,2005-02-07,Luisa
584,Alquiler,2005-02-04,Joaquín
585,Alquiler,2005-03-23,María
586,Alquiler,2005-07-02,Joaquín
587,Alquiler,2005-03-08,Pedro
588,Venta,2005-06-17,Carmen
589,Venta,2005-03-16,Carmen
590,Alquiler,2005-03-31,Luisa
591,Alquiler,2005-05-01,Pedro
592,Venta,2005-06-23,Carmen
593,Alquiler,2005-06-29,Pedro
594,Venta,2005-04-15,Jesús
595,Venta,2005-07-23,Luisa
596,Venta,2005-03-15,María
597,Venta,2005-05-02,María
598,Alquiler,2005-03-22,Joaquín
599,Alquiler,2005-01-29,Pedro
600,Alquiler,2005-06-23,Luisa
601,Venta,2005-07-27,Joaquín
602,Alquiler,2005-05-23,Jesús
603,Alquiler,2005-08-03,Luisa
604,Alquiler,2005-06-25,María
605,Alquiler,2005-03-05,María
606,Venta,2005-02-22,Pedro
607,Venta,2005-05-12,Carmen
608,Venta,2004-11-18,Pedro
609,Venta,2005-01-23,Joaquín
610,Venta,2005-06-21,Luisa
611,Alquiler,2005-05-06,Joaquín
612,Venta,2004-11-19,Pedro
613,Alquiler,2005-01-28,Pedro
614,Venta,2005-04-07,María
615,Alquiler,2005-04-13,Luisa
616,Venta,2005-01-27,Carmen
617,Alquiler,2005-01-20,Pedro
618,Alquiler,2005-03-30,Pedro
619,Alquiler,2005-07-04,Carmen
620,Venta,2005-03-23,Carmen
621,Venta,2005-06-29,Luisa
622,Venta,2005-07-30,María
623,Venta,2005-05-11,Jesús
624,Alquiler,2005-01-12,Carmen
625,Alquiler,2005-07-28,Joaquín
626,Alquiler,2005-03-04,María
627,Alquiler,2005-04-24,Jesús
628,Venta,2004-12-04,Jesús
629,Alquiler,2005-02-19,María
630,Alquiler,2005-08-14,Carmen
631,Venta,2005-05-10,Pedro
632,Alquiler,2005-01-11,Luisa
633,Alquiler,2005-05-13,María
634,Alquiler,2005-01-17,Jesús
635,Alquiler,2005-05-07,María
636,Alquiler,2005-06-03,María
637,Venta,2005-01-27,María
638,Alquiler,2005-07-04,Carmen
639,Alquiler,2005-07-16,María
640,Venta,2005-03-02,María
641,Venta,2005-08-01,Luisa
642,Alquiler,2005-08-10,Carmen
643,Alquiler,2005-05-10,Pedro
644,Venta,2005-02-22,Joaquín
645,Alquiler,2005-07-14,Joaquín
646,Venta,2005-05-18,Luisa
647,Venta,2005-03-28,Pedro
648,Alquiler,2005-05-04,Pedro
649,Venta,2005-04-21,Carmen
650,Venta,2005-06-17,Jesús
651,Alquiler,2004-12-31,María
652,Venta,2004-12-25,Carmen
653,Alquiler,2005-06-10,Luisa
654,Venta,2005-03-23,Luisa
655,Venta,2005-04-01,Luisa
656,Venta,2005-02-28,Luisa
657,Venta,2005-08-09,Pedro
658,Alquiler,2005-01-22,María
659,Venta,2005-08-05,Carmen
660,Venta,2004-12-09,María
661,Alquiler,2005-07-27,Joaquín
662,Alquiler,2005-02-19,Joaquín
663,Alquiler,2005-03-14,Luisa
664,Alquiler,2005-04-20,Pedro
665,Venta,2005-05-09,Luisa
666,Venta,2005-05-09,María
667,Venta,2005-01-21,Pedro
668,Venta,2005-01-14,Luisa
669,Venta,2005-04-27,María
670,Alquiler,2005-04-07,Luisa
671,Alquiler,2005-05-16,Luisa
672,Venta,2005-04-03,Luisa
673,Venta,2005-08-04,Pedro
674,Alquiler,2005-05-10,Pedro
675,Venta,2004-12-27,Carmen
676,Alquiler,2005-01-24,Joaquín
677,Venta,2005-01-29,María
678,Venta,2005-04-16,Joaquín
679,Alquiler,2005-05-06,Carmen
680,Alquiler,2005-04-08,Jesús
681,Venta,2005-05-11,Joaquín
682,Alquiler,2005-06-07,Jesús
683,Venta,2005-03-07,María
684,Venta,2005-04-27,Carmen
685,Alquiler,2005-01-05,María
686,Alquiler,2005-04-09,Luisa
687,Venta,2004-12-13,Luisa
688,Venta,2005-07-05,María
689,Alquiler,2005-07-10,Joaquín
690,Alquiler,2005-03-22,Joaquín
691,Venta,2005-04-29,María
692,Venta,2004-12-21,Jesús
693,Alquiler,2005-01-28,María
694,Venta,2005-05-02,Pedro
695,Alquiler,2005-03-27,Luisa
696,Alquiler,2005-08-04,Carmen
697,Alquiler,2005-05-16,Carmen
698,Alquiler,2005-06-14,Luisa
699,Alquiler,2005-01-20,Luisa
700,Venta,2004-12-27,Joaquín
701,Alquiler,2005-01-14,Carmen
702,Venta,2005-07-25,María
703,Alquiler,2005-04-12,Carmen
704,Alquiler,2005-02-10,Luisa
705,Alquiler,2005-01-05,Joaquín
706,Venta,2005-05-27,Carmen
707,Venta,2005-05-03,Pedro
708,Alquiler,2005-07-13,Jesús
709,Venta,2005-05-24,María
710,Venta,2004-12-14,Luisa
711,Alquiler,2005-07-16,María
712,Venta,2005-08-08,Luisa
713,Alquiler,2005-05-14,Pedro
714,Alquiler,2005-01-19,Jesús
715,Alquiler,2005-09-03,Luisa
716,Alquiler,2005-02-23,Jesús
717,Alquiler,2005-02-26,María
718,Venta,2005-06-15,Pedro
719,Venta,2005-07-09,Luisa
720,Venta,2005-04-23,Luisa
721,Alquiler,2005-02-10,Carmen
722,Alquiler,2005-02-16,María
723,Alquiler,2005-07-07,Joaquín
724,Alquiler,2005-02-07,Carmen
725,Venta,2005-05-03,María
726,Alquiler,2004-12-30,Luisa
727,Venta,2005-05-03,Pedro
728,Alquiler,2005-09-15,Pedro
729,Alquiler,2005-01-02,Pedro
730,Venta,2005-04-10,Joaquín
731,Venta,2004-12-23,Pedro
732,Alquiler,2005-08-07,Jesús
733,Venta,2005-06-22,María
734,Alquiler,2005-06-26,Joaquín
735,Venta,2005-06-29,Pedro
736,Alquiler,2005-07-20,Joaquín
737,Alquiler,2005-01-31,Luisa
738,Venta,2005-02-10,Luisa
739,Alquiler,2005-01-06,Joaquín
740,Venta,2005-07-28,María
741,Venta,2004-12-27,Pedro
742,Venta,2005-09-08,María
743,Venta,2005-06-19,Jesús
744,Venta,2005-01-30,Pedro
745,Alquiler,2005-04-11,Jesús
746,Alquiler,2004-12-24,María
747,Alquiler,2005-06-21,María
748,Venta,2005-09-16,Pedro
749,Alquiler,2005-07-14,Carmen
750,Venta,2005-09-11,Luisa
751,Venta,2005-08-05,Luisa
752,Venta,2005-08-13,Luisa
753,Alquiler,2005-05-20,María
754,Venta,2005-04-16,Pedro
755,Alquiler,2005-08-10,Pedro
756,Venta,2005-06-16,Jesús
757,Venta,2005-07-26,Luisa
758,Alquiler,2005-01-19,María
759,Alquiler,2005-07-14,Joaquín
760,Venta,2005-01-05,Carmen
761,Venta,2005-08-14,María
762,Alquiler,2005-02-28,Joaquín
763,Alquiler,2005-08-27,Pedro
764,Alquiler,2005-01-26,Carmen
765,Alquiler,2005-04-17,Jesús
766,Alquiler,2005-05-07,Jesús
767,Venta,2005-06-24,Carmen
768,Venta,2005-08-25,Pedro
769,Venta,2005-04-17,Carmen
770,Venta,2005-09-26,Luisa
771,Venta,2005-01-02,Jesús
772,Venta,2005-05-27,Joaquín
773,Alquiler,2005-06-05,Joaquín
774,Venta,2005-07-25,Carmen
775,Venta,2005-02-15,Joaquín
776,Alquiler,2005-06-18,Luisa
777,Alquiler,2005-08-17,Jesús
778,Alquiler,2005-04-14,María
779,Venta,2005-03-28,Carmen
780,Alquiler,2005-04-27,Luisa
781,Venta,2005-09-02,María
782,Alquiler,2005-01-28,Joaquín
783,Alquiler,2005-09-11,María
784,Alquiler,2005-10-05,Luisa
785,Venta,2005-07-03,Jesús
786,Venta,2005-05-07,María
787,Venta,2005-09-25,Carmen
788,Venta,2005-07-23,Luisa
789,Venta,2005-03-10,Luisa
790,Venta,2005-07-28,Jesús
791,Venta,2005-10-02,Joaquín
792,Venta,2005-09-06,María
793,Venta,2005-03-09,Joaquín
794,Alquiler,2005-05-19,Jesús
795,Alquiler,2005-06-08,Carmen
796,Venta,2005-05-04,Jesús
797,Venta,2005-09-24,Jesús
798,Alquiler,2005-02-27,Jesús
799,Alquiler,2005-02-19,María
800,Alquiler,2005-08-26,Jesús
801,Venta,2005-02-27,María
802,Alquiler,2005-03-14,María
803,Venta,2005-03-28,Jesús
804,Alquiler,2005-02-18,Pedro
805,Venta,2005-01-16,Luisa
806,Alquiler,2005-07-18,María
807,Alquiler,2005-04-09,Joaquín
808,Venta,2005-10-01,Pedro
809,Venta,2005-09-25,Carmen
810,Venta,2005-08-30,Carmen
811,Venta,2005-04-21,Pedro
812,Venta,2005-04-04,Pedro
813,Alquiler,2005-01-27,Luisa
814,Venta,2005-09-04,Pedro
815,Alquiler,2005-07-19,Joaquín
816,Alquiler,2005-05-05,Joaquín
817,Alquiler,2005-04-21,Pedro
818,Venta,2005-09-01,Luisa
819,Alquiler,2005-07-17,Jesús
820,Venta,2005-07-12,María
821,Venta,2005-08-09,María
822,Venta,2005-03-20,Carmen
823,Alquiler,2005-08-24,Jesús
824,Venta,2005-09-01,Luisa
825,Alquiler,2005-06-10,Jesús
826,Venta,2005-08-06,Pedro
827,Alquiler,2005-04-06,Pedro
828,Venta,2005-03-04,Joaquín
829,Venta,2005-04-23,Jesús
830,Venta,2005-07-04,Carmen
831,Alquiler,2005-05-19,Carmen
832,Alquiler,2005-10-23,Pedro
833,Venta,2005-03-21,Jesús
834,Venta,2005-07-25,Carmen
835,Venta,2005-02-21,Carmen
836,Venta,2005-05-21,Joaquín
837,Alquiler,2005-02-19,Joaquín
838,Venta,2005-07-13,Joaquín
839,Alquiler,2005-04-29,Carmen
840,Venta,2005-04-13,Luisa
841,Venta,2005-08-31,Joaquín
842,Venta,2005-03-12,Carmen
843,Alquiler,2005-02-28,Luisa
844,Venta,2005-10-23,Luisa
845,Alquiler,2005-09-22,Joaquín
846,Alquiler,2005-06-27,Pedro
847,Alquiler,2005-04-06,Jesús
848,Venta,2005-07-18,Carmen
849,Alquiler,2005-06-16,Carmen
850,Alquiler,2005-06-16,Luisa
851,Alquiler,2005-04-27,Luisa
852,Venta,2005-03-16,Jesús
853,Alquiler,2005-03-26,Carmen
854,Venta,2005-08-28,Carmen
855,Venta,2005-06-29,Jesús
856,Venta,2005-09-08,María
857,Alquiler,2005-06-11,Luisa
858,Venta,2005-05-22,Joaquín
859,Venta,2005-02-11,Jesús
860,Alquiler,2005-07-28,Pedro
861,Alquiler,2005-10-28,Joaquín
862,Alquiler,2005-03-10,Luisa
863,Venta,2005-02-04,Luisa
864,Alquiler,2005-09-11,Joaquín
865,Venta,2005-09-18,María
866,Venta,2005-09-10,Luisa
867,Venta,2005-09-20,Joaquín
868,Alquiler,2005-09-07,Carmen
869,Venta,2005-04-06,Luisa
870,Alquiler,2005-06-13,Joaquín
871,Alquiler,2005-08-29,Jesús
872,Alquiler,2005-05-06,Luisa
873,Venta,2005-02-22,Pedro
874,Alquiler,2005-05-03,Pedro
875,Venta,2005-06-29,María
876,Alquiler,2005-03-16,Carmen
877,Alquiler,2005-04-18,Pedro
878,Venta,2005-07-10,Pedro
879,Alquiler,2005-06-24,Joaquín
880,Alquiler,2005-06-10,Carmen
881,Venta,2005-08-28,Luisa
882,Venta,2005-10-22,María
883,Venta,2005-09-20,Carmen
884,Alquiler,2005-02-23,Jesús
885,Venta,2005-06-28,Joaquín
886,Alquiler,2005-11-08,Luisa
887,Alquiler,2005-07-31,María
888,Alquiler,2005-10-31,Pedro
889,Venta,2005-10-11,Pedro
890,Venta,2005-08-29,Pedro
891,Alquiler,2005-05-04,María
892,Venta,2005-09-21,Pedro
893,Alquiler,2005-05-04,Jesús
894,Alquiler,2005-09-12,Jesús
895,Alquiler,2005-09-24,Luisa
896,Alquiler,2005-02-15,Carmen
897,Venta,2005-03-14,Jesús
898,Venta,2005-06-14,Jesús
899,Alquiler,2005-04-02,Pedro
900,Alquiler,2005-07-18,Pedro
901,Alquiler,2005-11-05,Joaquín
902,Alquiler,2005-05-05,Carmen
903,Venta,2005-07-25,Pedro
904,Alquiler,2005-11-11,Joaquín
905,Alquiler,2005-10-27,Pedro
906,Alquiler,2005-07-03,Jesús
907,Venta,2005-04-17,Pedro
908,Venta,2005-04-15,Carmen
909,Alquiler,2005-11-16,Jesús
910,Alquiler,2005-11-08,Pedro
911,Alquiler,2005-08-30,Pedro
912,Alquiler,2005-08-30,Pedro
913,Venta,2005-09-19,Pedro
914,Venta,2005-08-10,Jesús
915,Alquiler,2005-08-20,María
916,Venta,2005-08-28,Pedro
917,Alquiler,2005-06-29,Carmen
918,Alquiler,2005-10-11,María
919,Venta,2005-08-08,Luisa
920,Venta,2005-06-16,Luisa
921,Venta,2005-05-11,Joaquín
922,Venta,2005-07-09,Carmen
923,Alquiler,2005-05-10,Luisa
924,Alquiler,2005-10-11,Joaquín
925,Alquiler,2005-10-19,Luisa
926,Alquiler,2005-03-16,Carmen
927,Alquiler,2005-06-06,Joaquín
928,Alquiler,2005-10-29,Carmen
929,Venta,2005-03-05,Luisa
930,Venta,2005-11-13,Carmen
931,Venta,2005-04-23,Joaquín
932,Alquiler,2005-10-17,Luisa
933,Alquiler,2005-10-10,Jesús
934,Alquiler,2005-06-09,Pedro
935,Alquiler,2005-11-01,María
936,Alquiler,2005-10-20,María
937,Venta,2005-03-24,Pedro
938,Alquiler,2005-05-17,Pedro
939,Venta,2005-07-11,Luisa
940,Venta,2005-05-11,Jesús
941,Alquiler,2005-04-29,Carmen
942,Venta,2005-06-16,Carmen
943,Alquiler,2005-12-01,Carmen
944,Venta,2005-03-26,Pedro
945,Venta,2005-09-13,Pedro
946,Venta,2005-03-25,Carmen
947,Alquiler,2005-07-07,Pedro
948,Alquiler,2005-07-27,María
949,Venta,2005-03-11,Pedro
950,Venta,2005-10-11,Carmen
951,Venta,2005-06-18,María
952,Alquiler,2005-10-19,Carmen
953,Venta,2005-09-18,María
954,Venta,2005-08-25,María
955,Venta,2005-05-21,Carmen
956,Alquiler,2005-07-30,Luisa
957,Alquiler,2005-05-26,Carmen
958,Venta,2005-05-16,María
959,Venta,2005-07-10,Joaquín
960,Alquiler,2005-10-22,Carmen
961,Alquiler,2005-07-13,Joaquín
962,Venta,2005-05-28,Pedro
963,Venta,2005-07-15,Luisa
964,Venta,2005-08-15,Joaquín
965,Alquiler,2005-04-22,María
966,Venta,2005-03-18,Carmen
967,Alquiler,2005-10-03,Jesús
968,Venta,2005-10-22,Pedro
969,Alquiler,2005-06-07,Luisa
970,Venta,2005-09-22,María
971,Venta,2005-07-27,Joaquín
972,Alquiler,2005-08-20,Jesús
973,Alquiler,2005-12-10,Jesús
974,Venta,2005-07-30,Pedro
975,Alquiler,2005-11-20,Pedro
976,Alquiler,2005-04-04,Joaquín
977,Venta,2005-10-09,María
978,Alquiler,2005-05-23,Joaquín
979,Venta,2005-10-04,Joaquín
980,Venta,2005-11-30,Pedro
981,Alquiler,2005-08-29,Carmen
982,Alquiler,2005-04-04,Luisa
983,Alquiler,2005-04-20,Jesús
984,Alquiler,2005-09-06,Pedro
985,Alquiler,2005-05-14,Joaquín
986,Venta,2005-08-21,Carmen
987,Alquiler,2005-07-12,Jesús
988,Venta,2005-07-09,Joaquín
989,Venta,2005-04-24,Pedro
990,Venta,2005-10-13,Luisa
991,Alquiler,2005-07-22,María
992,Venta,2005-06-23,Luisa
993,Venta,2005-12-20,Joaquín
994,Venta,2005-05-29,Joaquín
995,Alquiler,2005-05-29,Carmen
996,Alquiler,2005-09-01,Pedro
997,Venta,2005-07-30,Luisa
998,Venta,2005-06-06,Pedro
999,Venta,2005-10-15,Luisa
1000,Venta,2005-06-07,Luisa
1001,Alquiler,2005-07-22,María
1002,Venta,2005-07-19,Jesús
1003,Venta,2005-04-15,Jesús
1004,Alquiler,2005-06-12,Luisa
1005,Venta,2005-04-25,Pedro
1006,Alquiler,2005-08-17,Jesús
1007,Venta,2005-05-02,Carmen
1008,Alquiler,2005-06-23,Pedro
1009,Venta,2005-12-04,Luisa
1010,Alquiler,2005-12-23,María
1011,Venta,2005-07-21,Jesús
1012,Venta,2005-09-06,Pedro
1013,Venta,2005-11-05,María
1014,Alquiler,2005-12-03,Luisa
1015,Alquiler,2005-10-24,María
1016,Venta,2005-10-23,Carmen
1017,Alquiler,2005-08-17,Jesús
1018,Venta,2005-08-24,Jesús
1019,Alquiler,2005-10-07,María
1020,Alquiler,2005-10-24,Joaquín
1021,Alquiler,2005-11-10,Joaquín
1022,Venta,2005-10-16,Pedro
1023,Alquiler,2005-11-19,Carmen
1024,Alquiler,2005-05-07,Jesús
1025,Alquiler,2005-07-10,Luisa
1026,Alquiler,2005-11-06,Joaquín
1027,Venta,2005-11-25,Joaquín
1028,Alquiler,2005-07-25,Joaquín
1029,Alquiler,2005-12-12,María
1030,Alquiler,2005-08-08,María
1031,Alquiler,2005-11-29,Luisa
1032,Alquiler,2005-06-07,Luisa
1033,Alquiler,2005-07-07,Luisa
1034,Venta,2005-11-19,Jesús
1035,Venta,2005-08-31,Luisa
1036,Venta,2005-12-12,Jesús
1037,Alquiler,2005-04-09,Carmen
1038,Alquiler,2005-10-28,Pedro
1039,Venta,2005-09-16,Jesús
1040,Alquiler,2005-08-26,Joaquín
1041,Venta,2005-12-07,María
1042,Alquiler,2005-06-19,Pedro
1043,Alquiler,2005-12-11,Joaquín
1044,Alquiler,2005-10-09,Joaquín
1045,Alquiler,2005-09-04,Luisa
1046,Alquiler,2005-11-27,Jesús
1047,Alquiler,2005-09-25,Luisa
1048,Venta,2005-04-21,Joaquín
1049,Venta,2005-09-16,Carmen
1050,Venta,2005-10-08,Pedro
1051,Venta,2005-12-12,María
1052,Venta,2005-07-10,María
1053,Alquiler,2005-05-15,Carmen
1054,Alquiler,2005-10-30,Pedro
1055,Alquiler,2005-06-02,Carmen
1056,Venta,2005-12-30,María
1057,Venta,2006-01-06,Joaquín
1058,Venta,2005-09-20,Jesús
1059,Venta,2005-12-11,Jesús
1060,Venta,2005-12-17,Joaquín
1061,Venta,2005-09-20,Joaquín
1062,Venta,2005-09-05,Jesús
1063,Alquiler,2005-11-20,Carmen
1064,Alquiler,2005-10-14,Joaquín
1065,Venta,2005-06-24,Pedro
1066,Venta,2005-11-08,Pedro
1067,Venta,2005-10-17,Joaquín
1068,Venta,2005-05-03,Pedro
1069,Venta,2005-08-23,Pedro
1070,Venta,2005-04-27,Carmen
1071,Alquiler,2005-04-23,Carmen
1072,Alquiler,2005-07-25,Luisa
1073,Alquiler,2005-09-19,Joaquín
1074,Alquiler,2005-09-20,Jesús
1075,Venta,2005-04-26,Luisa
1076,Alquiler,2006-01-14,María
1077,Alquiler,2005-11-28,Carmen
1078,Venta,2005-10-19,Luisa
1079,Alquiler,2005-12-15,Joaquín
1080,Alquiler,2005-10-13,Carmen
1081,Venta,2005-05-06,Carmen
1082,Alquiler,2006-01-02,Carmen
1083,Alquiler,2005-05-03,Joaquín
1084,Venta,2005-06-19,Joaquín
1085,Alquiler,2005-05-23,Carmen
1086,Alquiler,2006-01-13,Luisa
1087,Alquiler,2005-10-20,Pedro
1088,Venta,2005-06-01,Carmen
1089,Alquiler,2005-10-22,Pedro
1090,Venta,2006-01-26,Jesús
1091,Alquiler,2005-10-28,Carmen
1092,Alquiler,2005-09-09,Carmen
1093,Venta,2005-05-31,Carmen
1094,Venta,2006-01-03,María
1095,Venta,2005-08-03,Pedro
1096,Venta,2005-07-25,Luisa
1097,Venta,2005-09-11,Pedro
1098,Alquiler,2005-09-07,Luisa
1099,Alquiler,2006-01-29,Jesús
1100,Alquiler,2005-06-11,Joaquín
1101,Venta,2005-06-02,Joaquín
1102,Venta,2005-08-03,María
1103,Venta,2005-09-04,Luisa
1104,Alquiler,2005-06-11,Carmen
1105,Venta,2005-09-26,Carmen
1106,Alquiler,2005-05-26,Carmen
1107,Alquiler,2005-12-04,Pedro
1108,Alquiler,2005-05-26,Carmen
1109,Venta,2005-09-25,Pedro
1110,Alquiler,2005-07-17,Jesús
1111,Alquiler,2005-06-26,Pedro
1112,Venta,2005-07-25,Luisa
1113,Venta,2005-07-04,Luisa
1114,Alquiler,2005-11-06,Pedro
1115,Venta,2006-01-13,Jesús
1116,Alquiler,2005-09-20,Luisa
1117,Alquiler,2005-10-20,María
1118,Alquiler,2005-11-26,Pedro
1119,Venta,2005-07-28,Joaquín
1120,Venta,2005-05-20,Carmen
1121,Venta,2005-12-14,Pedro
1122,Venta,2005-05-17,Joaquín
1123,Venta,2005-05-27,Jesús
1124,Alquiler,2006-01-31,Luisa
1125,Venta,2006-01-13,Luisa
1126,Alquiler,2005-05-29,María
1127,Venta,2006-01-06,Joaquín
1128,Alquiler,2005-12-12,Pedro
1129,Alquiler,2005-06-04,Carmen
1130,Venta,2006-01-06,Carmen
1131,Alquiler,2005-06-14,Pedro
1132,Venta,2005-08-03,Carmen
1133,Venta,2005-06-25,Luisa
1134,Alquiler,2005-10-22,Carmen
1135,Venta,2006-02-08,Joaquín
1136,Venta,2005-12-25,Pedro
1137,Venta,2005-09-23,Carmen
1138,Venta,2005-12-15,Pedro
1139,Venta,2005-10-16,Pedro
1140,Venta,2005-11-07,Jesús
1141,Venta,2005-10-30,María
1142,Alquiler,2005-05-28,Carmen
1143,Alquiler,2006-02-13,Carmen
1144,Alquiler,2005-09-02,Joaquín
1145,Venta,2006-02-01,Joaquín
1146,Alquiler,2005-06-20,Carmen
1147,Alquiler,2006-01-28,Jesús
1148,Alquiler,2005-09-18,Carmen
1149,Alquiler,2005-10-25,Jesús
1150,Venta,2006-02-05,Carmen
1151,Venta,2005-12-02,Pedro
1152,Venta,2005-10-16,Jesús
1153,Alquiler,2005-08-21,Carmen
1154,Venta,2005-12-11,Carmen
1155,Venta,2005-12-18,Luisa
1156,Venta,2006-01-18,María
1157,Venta,2005-08-13,Carmen
1158,Venta,2005-09-16,Joaquín
1159,Venta,2005-10-12,Jesús
1160,Venta,2006-01-15,Luisa
1161,Venta,2005-10-23,Joaquín
1162,Alquiler,2005-10-13,Joaquín
1163,Venta,2005-07-07,Joaquín
1164,Alquiler,2005-10-21,Pedro
1165,Alquiler,2005-10-12,Luisa
1166,Venta,2005-05-27,Pedro
1167,Venta,2006-01-22,Pedro
1168,Alquiler,2006-02-17,Joaquín
1169,Alquiler,2005-08-06,Jesús
1170,Venta,2005-09-02,Jesús
1171,Venta,2005-08-04,Luisa
1172,Venta,2005-09-04,María
1173,Venta,2005-08-03,María
1174,Alquiler,2005-10-09,María
1175,Venta,2005-12-22,Joaquín
1176,Alquiler,2005-11-10,Jesús
1177,Venta,2005-10-10,Pedro
1178,Venta,2005-11-07,Jesús
1179,Alquiler,2005-11-18,Jesús
1180,Alquiler,2006-01-16,María
1181,Venta,2006-02-20,Carmen
1182,Alquiler,2005-09-02,María
1183,Alquiler,2005-09-26,Luisa
1184,Venta,2006-02-04,Joaquín
1185,Alquiler,2006-02-13,Luisa
1186,Alquiler,2005-06-30,María
1187,Alquiler,2005-07-12,Pedro
1188,Alquiler,2005-10-11,Carmen
1189,Venta,2005-09-14,Carmen
1190,Venta,2005-07-21,Pedro
1191,Alquiler,2006-01-03,Jesús
1192,Alquiler,2005-08-03,Carmen
1193,Alquiler,2005-12-05,Pedro
1194,Alquiler,2005-08-11,Pedro
1195,Venta,2005-07-13,Joaquín
1196,Venta,2005-12-18,Luisa
1197,Venta,2005-12-06,Pedro
1198,Alquiler,2005-07-25,Joaquín
1199,Venta,2005-10-01,Luisa
1200,Venta,2005-06-14,Carmen
1201,Alquiler,2005-08-28,María
1202,Venta,2006-01-10,Pedro
1203,Venta,2005-08-26,Pedro
1204,Venta,2005-07-25,Joaquín
1205,Venta,2005-12-27,María
1206,Venta,2006-02-09,Joaquín
1207,Alquiler,2006-02-05,Joaquín
1208,Alquiler,2005-12-10,Carmen
1209,Alquiler,2006-01-03,Jesús
1210,Venta,2005-10-18,Jesús
1211,Venta,2005-09-28,Carmen
1212,Venta,2005-09-04,María
1213,Alquiler,2005-06-08,María
1214,Alquiler,2005-08-20,Pedro
1215,Alquiler,2005-10-24,Luisa
1216,Venta,2006-01-25,Pedro
1217,Venta,2005-09-18,Carmen
1218,Venta,2005-08-01,Luisa
1219,Venta,2005-10-23,Joaquín
1220,Alquiler,2005-11-27,Joaquín
1221,Alquiler,2005-07-10,Joaquín
1222,Venta,2005-06-10,María
1223,Venta,2005-12-22,Carmen
1224,Venta,2006-01-22,Jesús
1225,Venta,2005-08-17,María
1226,Alquiler,2005-10-20,María
1227,Alquiler,2005-06-20,Carmen
1228,Alquiler,2006-01-15,María
1229,Venta,2005-11-27,Carmen
1230,Venta,2005-11-11,Luisa
1231,Alquiler,2006-02-17,María
1232,Venta,2005-08-20,Carmen
1233,Venta,2005-07-26,Jesús
1234,Venta,2005-06-28,Joaquín
1235,Venta,2006-01-18,María
1236,Alquiler,2006-02-27,Joaquín
1237,Venta,2005-07-28,Luisa
1238,Venta,2005-10-05,María
1239,Alquiler,2005-06-20,Carmen
1240,Alquiler,2005-12-17,Joaquín
1241,Alquiler,2005-09-30,Pedro
1242,Alquiler,2005-08-21,Carmen
1243,Alquiler,2005-07-31,Pedro
1244,Venta,2005-11-23,María
1245,Venta,2005-08-31,Joaquín
1246,Venta,2005-12-09,Luisa
1247,Alquiler,2006-01-02,Carmen
1248,Alquiler,2005-08-09,Joaquín
1249,Venta,2006-01-31,Luisa
1250,Alquiler,2005-06-28,Carmen
1251,Venta,2005-11-02,Luisa
1252,Alquiler,2006-01-26,Joaquín
1253,Venta,2006-02-20,Luisa
1254,Venta,2005-10-16,Carmen
1255,Venta,2005-10-09,María
1256,Venta,2006-02-27,Pedro
1257,Alquiler,2005-08-22,Jesús
1258,Venta,2005-11-03,Luisa
1259,Venta,2005-07-24,Pedro
1260,Alquiler,2006-02-08,Jesús
1261,Alquiler,2005-08-27,Joaquín
1262,Venta,2006-03-26,Jesús
1263,Alquiler,2005-10-04,Pedro
1264,Alquiler,2005-07-12,Joaquín
1265,Venta,2005-07-24,Joaquín
1266,Venta,2006-02-14,Luisa
1267,Alquiler,2006-03-30,Joaquín
1268,Venta,2006-02-11,María
1269,Alquiler,2006-01-11,Joaquín
1270,Venta,2005-07-12,Luisa
1271,Alquiler,2005-10-23,Joaquín
1272,Venta,2005-11-04,Pedro
1273,Venta,2005-07-09,Pedro
1274,Alquiler,2005-12-03,Luisa
1275,Alquiler,2005-12-04,Luisa
1276,Alquiler,2006-01-29,María
1277,Alquiler,2005-11-17,María
1278,Venta,2005-07-24,Carmen
1279,Alquiler,2005-09-26,Joaquín
1280,Venta,2006-01-06,Jesús
1281,Venta,2005-07-17,Jesús
1282,Alquiler,2005-10-31,Jesús
1283,Alquiler,2005-08-26,Joaquín
1284,Alquiler,2005-08-26,Pedro
1285,Alquiler,2005-09-16,Luisa
1286,Venta,2005-09-21,Jesús
1287,Alquiler,2006-01-06,María
1288,Alquiler,2005-11-07,Luisa
1289,Alquiler,2005-07-21,Luisa
1290,Venta,2005-11-30,Joaquín
1291,Alquiler,2005-09-02,Pedro
1292,Venta,2005-11-30,Pedro
1293,Venta,2006-01-12,Joaquín
1294,Alquiler,2005-12-24,Luisa
1295,Venta,2005-08-31,Carmen
1296,Venta,2005-07-07,Jesús
1297,Venta,2005-12-26,Jesús
1298,Venta,2006-04-09,Pedro
1299,Venta,2005-08-09,Carmen
1300,Venta,2005-12-18,Carmen
1301,Venta,2005-11-17,Luisa
1302,Venta,2006-01-20,Pedro
1303,Venta,2006-03-28,Pedro
1304,Venta,2005-09-15,Jesús
1305,Venta,2005-08-26,María
1306,Venta,2005-07-20,Pedro
1307,Venta,2006-01-18,Joaquín
1308,Alquiler,2005-09-16,Pedro
1309,Alquiler,2006-02-14,Carmen
1310,Alquiler,2005-07-14,Pedro
1311,Venta,2005-11-11,Jesús
1312,Alquiler,2005-10-05,Luisa
1313,Alquiler,2006-02-05,Luisa
1314,Alquiler,2006-02-01,María
1315,Alquiler,2005-08-30,Luisa
1316,Venta,2006-01-12,Pedro
1317,Alquiler,2005-12-21,María
1318,Alquiler,2006-04-07,Luisa
1319,Alquiler,2006-04-07,María
1320,Alquiler,2005-07-21,Pedro
1321,Venta,2005-08-18,Joaquín
1322,Alquiler,2006-04-09,Carmen
1323,Venta,2005-09-25,Pedro
1324,Alquiler,2005-10-25,Carmen
1325,Alquiler,2005-09-13,Carmen
1326,Venta,2005-10-27,Jesús
1327,Alquiler,2005-09-25,Carmen
1328,Venta,2005-07-21,Carmen
1329,Alquiler,2006-02-12,Carmen
1330,Venta,2006-03-10,Luisa
1331,Alquiler,2005-09-26,Luisa
1332,Venta,2006-01-01,Carmen
1333,Alquiler,2006-02-25,Luisa
1334,Venta,2005-08-15,María
1335,Alquiler,2005-12-02,Pedro
1336,Alquiler,2005-09-05,María
1337,Venta,2006-04-09,Carmen
1338,Alquiler,2006-02-25,Pedro
1339,Venta,2006-01-01,Carmen
1340,Venta,2005-12-26,Luisa
1341,Venta,2006-03-20,Carmen
1342,Alquiler,2006-01-22,Carmen
1343,Venta,2005-08-20,Carmen
1344,Alquiler,2006-04-21,Jesús
1345,Alquiler,2005-12-16,Carmen
1346,Venta,2005-09-26,Pedro
1347,Venta,2006-01-15,Joaquín
1348,Venta,2006-01-22,Joaquín
1349,Alquiler,2006-03-23,Pedro
1350,Venta,2005-09-08,Carmen
1351,Venta,2005-11-29,Jesús
1352,Alquiler,2005-12-10,Luisa
1353,Venta,2005-10-24,Jesús
1354,Alquiler,2006-04-24,Luisa
1355,Venta,2005-11-12,Pedro
1356,Venta,2006-02-06,Luisa
1357,Venta,2006-03-25,Carmen
1358,Venta,2006-04-17,Jesús
1359,Venta,2005-09-18,María
1360,Venta,2005-10-06,Carmen
1361,Alquiler,2006-04-12,Luisa
1362,Venta,2006-01-01,Joaquín
1363,Venta,2006-02-13,Joaquín
1364,Venta,2005-11-14,María
1365,Venta,2006-03-28,Pedro
1366,Alquiler,2006-01-26,María
1367,Venta,2005-12-06,Joaquín
1368,Alquiler,2006-04-19,Joaquín
1369,Alquiler,2006-04-25,Luisa
1370,Alquiler,2006-02-25,María
1371,Venta,2005-09-01,Carmen
1372,Venta,2006-02-23,Pedro
1373,Venta,2005-12-21,Joaquín
1374,Venta,2005-09-11,Jesús
1375,Venta,2005-12-27,María
1376,Venta,2005-10-06,Luisa
1377,Alquiler,2005-08-25,Pedro
1378,Alquiler,2005-08-17,Joaquín
1379,Venta,2005-08-13,Jesús
1380,Alquiler,2006-04-30,Jesús
1381,Venta,2006-03-14,Jesús
1382,Venta,2006-02-27,Luisa
1383,Alquiler,2006-04-21,María
1384,Venta,2005-11-25,María
1385,Alquiler,2006-01-03,Luisa
1386,Alquiler,2005-12-25,Carmen
1387,Venta,2005-11-02,Joaquín
1388,Venta,2006-03-26,María
1389,Venta,2006-03-15,Carmen
1390,Alquiler,2006-04-03,Carmen
1391,Alquiler,2005-12-05,Carmen
1392,Venta,2005-11-02,Carmen
1393,Venta,2006-03-04,Jesús
1394,Venta,2005-09-21,Carmen
1395,Alquiler,2006-04-30,Jesús
1396,Alquiler,2005-08-12,Luisa
1397,Alquiler,2006-04-09,María
1398,Venta,2005-12-04,María
1399,Venta,2005-11-10,María
1400,Venta,2006-04-13,Pedro
1401,Venta,2006-02-28,Pedro
1402,Alquiler,2005-09-20,María
1403,Venta,2005-09-14,Joaquín
1404,Venta,2005-12-08,Joaquín
1405,Venta,2005-10-28,Joaquín
1406,Venta,2005-12-06,Luisa
1407,Venta,2005-11-15,Luisa
1408,Venta,2005-09-16,Pedro
1409,Venta,2006-04-08,Carmen
1410,Alquiler,2005-09-08,María
1411,Alquiler,2006-02-24,Jesús
1412,Venta,2005-10-12,Joaquín
1413,Alquiler,2005-11-09,Joaquín
1414,Alquiler,2005-09-14,Carmen
1415,Alquiler,2006-05-20,Jesús
1416,Venta,2005-10-23,Joaquín
1417,Alquiler,2005-09-15,Carmen
1418,Alquiler,2006-03-21,Joaquín
1419,Venta,2005-09-02,Pedro
1420,Venta,2005-09-02,Joaquín
1421,Alquiler,2006-03-20,Pedro
1422,Alquiler,2005-11-04,Jesús
1423,Alquiler,2005-09-17,Luisa
1424,Venta,2006-03-13,Luisa
1425,Alquiler,2005-09-15,Jesús
1426,Alquiler,2005-09-17,Carmen
1427,Alquiler,2005-10-02,Luisa
1428,Alquiler,2006-03-03,María
1429,Venta,2006-01-09,Pedro
1430,Venta,2006-04-15,Jesús
1431,Venta,2005-08-23,Joaquín
1432,Alquiler,2006-03-21,Pedro
1433,Venta,2005-12-30,Jesús
1434,Alquiler,2005-11-30,Joaquín
1435,Venta,2005-11-08,Jesús
1436,Venta,2006-03-22,Joaquín
1437,Venta,2006-02-10,Carmen
1438,Venta,2005-10-30,Luisa
1439,Venta,2005-10-31,Luisa
1440,Alquiler,2006-01-14,Carmen
1441,Venta,2006-05-08,María
1442,Alquiler,2006-02-15,Luisa
1443,Alquiler,2006-01-21,Joaquín
1444,Alquiler,2006-01-26,Luisa
1445,Venta,2006-01-02,María
1446,Alquiler,2005-10-30,Jesús
1447,Alquiler,2006-04-14,María
1448,Alquiler,2006-01-03,Joaquín
1449,Alquiler,2005-08-31,Pedro
1450,Venta,2006-05-18,Jesús
1451,Venta,2005-10-22,Pedro
1452,Alquiler,2006-03-25,María
1453,Alquiler,2006-01-13,Joaquín
1454,Venta,2006-01-31,Jesús
1455,Venta,2006-04-24,Joaquín
1456,Venta,2006-03-17,Joaquín
1457,Venta,2005-11-19,Pedro
1458,Venta,2005-09-19,Joaquín
1459,Alquiler,2006-01-11,Carmen
1460,Venta,2005-12-18,Jesús
1461,Venta,2005-09-28,Luisa
1462,Alquiler,2005-10-30,Joaquín
1463,Venta,2005-11-26,Luisa
1464,Alquiler,2006-04-10,Luisa
1465,Venta,2006-02-15,Joaquín
1466,Venta,2005-09-15,María
1467,Alquiler,2006-05-01,Carmen
1468,Alquiler,2006-03-08,Pedro
1469,Alquiler,2006-05-17,Joaquín
1470,Alquiler,2005-11-27,Joaquín
1471,Alquiler,2006-02-26,Luisa
1472,Venta,2006-04-23,Jesús
1473,Alquiler,2006-02-20,Carmen
1474,Alquiler,2006-04-18,Jesús
1475,Alquiler,2005-09-20,Pedro
1476,Alquiler,2006-02-02,María
1477,Alquiler,2006-04-08,Joaquín
1478,Venta,2006-03-19,Pedro
1479,Venta,2006-04-13,María
1480,Alquiler,2005-09-24,Pedro
1481,Alquiler,2006-06-03,Jesús
1482,Venta,2005-09-15,Jesús
1483,Alquiler,2006-04-08,Luisa
1484,Venta,2006-03-24,Jesús
1485,Alquiler,2005-11-12,Carmen
1486,Venta,2006-05-16,Carmen
1487,Alquiler,2006-02-07,Joaquín
1488,Venta,2005-09-17,Jesús
1489,Venta,2006-04-10,Pedro
1490,Alquiler,2006-06-05,Carmen
1491,Alquiler,2006-02-01,Carmen
1492,Alquiler,2005-11-23,Joaquín
1493,Alquiler,2006-03-11,Carmen
1494,Venta,2006-04-13,Carmen
1495,Venta,2006-05-12,Luisa
1496,Venta,2005-12-15,Jesús
1497,Alquiler,2005-10-23,María
1498,Alquiler,2005-10-10,Luisa
1499,Venta,2006-03-30,Joaquín
1500,Venta,2006-04-16,Jesús
1501,Venta,2005-11-28,Carmen
1502,Alquiler,2006-03-03,Carmen
1503,Venta,2005-11-14,Joaquín
1504,Venta,2006-06-14,Jesús
1505,Alquiler,2006-03-16,Jesús
1506,Venta,2006-04-04,Luisa
1507,Venta,2006-02-23,María
1508,Venta,2006-02-05,Pedro
1509,Venta,2006-02-05,Joaquín
1510,Venta,2006-02-02,Carmen
1511,Alquiler,2006-05-25,María
1512,Venta,2006-01-11,Luisa
1513,Alquiler,2006-02-25,María
1514,Alquiler,2005-09-30,Luisa
1515,Venta,2006-03-20,Carmen
1516,Alquiler,2005-11-20,Joaquín
1517,Alquiler,2005-10-01,Carmen
1518,Venta,2006-05-27,Carmen
1519,Venta,2005-10-30,Carmen
1520,Alquiler,2005-11-08,Jesús
1521,Venta,2005-11-24,Carmen
1522,Venta,2006-01-24,Pedro
1523,Alquiler,2005-12-11,María
1524,Venta,2006-02-12,Carmen
1525,Venta,2006-05-28,Luisa
1526,Venta,2005-10-02,María
1527,Alquiler,2005-11-12,María
1528,Alquiler,2006-06-06,María
1529,Alquiler,2006-06-07,Jesús
1530,Venta,2005-10-20,Joaquín
1531,Alquiler,2006-05-03,Luisa
1532,Alquiler,2006-01-24,Jesús
1533,Alquiler,2006-04-13,Pedro
1534,Venta,2005-11-20,Pedro
1535,Venta,2005-12-01,Jesús
1536,Venta,2006-05-27,Jesús
1537,Alquiler,2006-05-14,Pedro
1538,Venta,2005-10-30,Carmen
1539,Alquiler,2005-11-19,Joaquín
1540,Venta,2006-03-12,Carmen
1541,Venta,2006-04-08,Joaquín
1542,Venta,2005-12-27,Luisa
1543,Venta,2006-07-02,Luisa
1544,Venta,2006-06-23,Pedro
1545,Alquiler,2006-03-08,Jesús
1546,Venta,2006-01-27,María
1547,Alquiler,2006-04-16,Jesús
1548,Alquiler,2005-10-30,María
1549,Alquiler,2005-11-24,María
1550,Alquiler,2006-02-15,Carmen
1551,Venta,2006-04-28,Jesús
1552,Alquiler,2005-11-06,Joaquín
1553,Venta,2006-07-07,Luisa
1554,Alquiler,2005-11-03,Luisa
1555,Alquiler,2006-06-13,Joaquín
1556,Venta,2006-04-15,Pedro
1557,Alquiler,2005-10-30,Joaquín
1558,Alquiler,2006-05-16,Joaquín
1559,Alquiler,2005-10-25,Luisa
1560,Alquiler,2006-05-02,Pedro
1561,Venta,2005-10-17,Luisa
1562,Venta,2006-07-10,Joaquín
1563,Venta,2005-10-18,Pedro
1564,Venta,2006-05-29,Luisa
1565,Alquiler,2006-06-02,Pedro
1566,Alquiler,2005-11-13,Jesús
1567,Alquiler,2006-04-25,Pedro
1568,Alquiler,2006-06-27,María
1569,Alquiler,2006-04-28,Pedro
1570,Venta,2006-01-11,Carmen
1571,Alquiler,2006-04-21,María
1572,Venta,2006-01-10,Joaquín
1573,Alquiler,2006-01-10,Jesús
1574,Venta,2006-02-18,Joaquín
1575,Alquiler,2006-07-09,Pedro
1576,Alquiler,2005-11-05,Luisa
1577,Venta,2006-04-05,Jesús
1578,Venta,2006-02-20,María
1579,Venta,2005-11-18,Carmen
1580,Alquiler,2005-10-27,Jesús
1581,Alquiler,2006-03-13,María
1582,Alquiler,2006-05-02,Carmen
1583,Venta,2006-02-19,Luisa
1584,Venta,2006-07-04,Pedro
1585,Venta,2006-02-02,María
1586,Venta,2006-01-07,Joaquín
1587,Alquiler,2006-05-14,Jesús
1588,Venta,2005-11-01,Carmen
1589,Venta,2006-05-25,Jesús
1590,Venta,2006-03-12,Jesús
1591,Venta,2006-05-15,Luisa
1592,Alquiler,2005-10-25,Luisa
1593,Venta,2005-10-29,Carmen
1594,Venta,2006-05-27,Luisa
1595,Alquiler,2006-01-26,María
1596,Venta,2006-02-02,Pedro
1597,Alquiler,2005-12-11,Joaquín
1598,Alquiler,2006-01-06,Pedro
1599,Alquiler,2006-02-24,Carmen
1600,Venta,2005-11-19,Joaquín
1601,Alquiler,2006-02-16,Pedro
1602,Alquiler,2006-02-20,Carmen
1603,Venta,2005-10-31,Carmen
1604,Alquiler,2005-12-29,Carmen
1605,Alquiler,2006-01-03,Luisa
1606,Alquiler,2005-12-08,Luisa
1607,Venta,2006-03-14,María
1608,Alquiler,2005-11-08,Jesús
1609,Venta,2006-06-10,Carmen
1610,Alquiler,2006-06-02,Joaquín
1611,Venta,2006-07-24,Pedro
1612,Alquiler,2006-02-08,Carmen
1613,Alquiler,2006-04-11,Luisa
1614,Venta,2005-12-07,Jesús
1615,Alquiler,2006-07-23,Pedro
1616,Alquiler,2006-04-29,Pedro
1617,Alquiler,2005-12-03,Joaquín
1618,Alquiler,2006-05-06,María
1619,Alquiler,2006-02-20,Jesús
1620,Venta,2005-11-27,María
1621,Venta,2006-07-28,Pedro
1622,Alquiler,2006-06-10,Joaquín
1623,Alquiler,2006-07-22,Jesús
1624,Alquiler,2006-02-01,Carmen
1625,Venta,2006-03-14,María
1626,Venta,2005-12-10,Jesús
1627,Venta,2006-08-03,Carmen
1628,Alquiler,2006-03-03,María
1629,Alquiler,2006-05-06,Joaquín
1630,Alquiler,2005-12-09,Pedro
1631,Alquiler,2006-02-25,Joaquín
1632,Venta,2005-11-24,Carmen
1633,Venta,2006-01-28,Luisa
1634,Alquiler,2006-01-04,María
1635,Venta,2005-12-20,Joaquín
1636,Venta,2006-03-29,Joaquín
1637,Venta,2006-04-26,Carmen
1638,Venta,2006-08-05,Jesús
1639,Alquiler,2006-02-14,María
1640,Alquiler,2006-01-29,Pedro
1641,Venta,2005-12-16,Joaquín
1642,Alquiler,2005-11-27,Luisa
1643,Venta,2006-02-12,María
1644,Alquiler,2006-06-04,Pedro
1645,Venta,2006-06-29,Luisa
1646,Venta,2005-11-27,Pedro
1647,Venta,2006-02-27,Pedro
1648,Venta,2005-11-21,Carmen
1649,Alquiler,2005-11-27,Carmen
1650,Venta,2006-03-25,Pedro
1651,Alquiler,2006-03-01,Carmen
1652,Alquiler,2006-02-05,Carmen
1653,Alquiler,2005-12-17,Joaquín
1654,Alquiler,2006-05-22,Jesús
1655,Alquiler,2006-08-04,Pedro
1656,Alquiler,2006-02-19,Luisa
1657,Alquiler,2006-02-22,María
1658,Alquiler,2006-06-01,Joaquín
1659,Alquiler,2005-11-24,Carmen
1660,Venta,2006-05-20,Luisa
1661,Venta,2006-04-08,Carmen
1662,Alquiler,2006-02-10,María
1663,Venta,2005-12-13,Luisa
1664,Alquiler,2006-06-15,Joaquín
1665,Alquiler,2006-06-15,María
1666,Venta,2006-01-24,María
1667,Alquiler,2005-11-26,María
1668,Alquiler,2006-01-31,Jesús
1669,Venta,2006-08-08,Pedro
1670,Venta,2006-02-05,Pedro
1671,Venta,2005-12-02,Joaquín
1672,Venta,2006-01-11,Jesús
1673,Venta,2006-01-24,María
1674,Alquiler,2006-04-09,Jesús
1675,Venta,2006-06-15,María
1676,Venta,2006-01-08,María
1677,Venta,2006-02-11,Luisa
1678,Venta,2006-04-07,María
1679,Alquiler,2006-04-01,Jesús
1680,Venta,2006-07-02,María
1681,Alquiler,2006-08-04,Jesús
1682,Venta,2005-11-28,Luisa
1683,Alquiler,2006-02-03,Carmen
1684,Alquiler,2006-07-27,Pedro
1685,Venta,2006-07-15,María
1686,Alquiler,2006-04-22,María
1687,Alquiler,2006-05-23,Pedro
1688,Alquiler,2006-08-04,Carmen
1689,Venta,2006-06-12,Carmen
1690,Venta,2006-01-10,Jesús
1691,Venta,2006-03-14,Jesús
1692,Venta,2006-01-09,Jesús
1693,Venta,2006-05-14,Jesús
1694,Alquiler,2006-02-28,Jesús
1695,Venta,2006-08-29,Carmen
1696,Venta,2006-07-03,María
1697,Alquiler,2006-04-06,Jesús
1698,Alquiler,2006-01-26,Jesús
1699,Venta,2006-03-18,Joaquín
1700,Venta,2006-05-07,Luisa
1701,Alquiler,2006-05-27,Pedro
1702,Venta,2006-08-28,Carmen
1703,Venta,2006-05-05,María
1704,Alquiler,2005-12-14,Pedro
1705,Alquiler,2006-02-05,Carmen
1706,Alquiler,2006-09-04,Pedro
1707,Alquiler,2006-05-14,Jesús
1708,Alquiler,2006-01-30,Joaquín
1709,Venta,2006-08-14,Joaquín
1710,Venta,2006-01-17,Carmen
1711,Alquiler,2006-07-11,Carmen
1712,Venta,2006-02-17,María
1713,Venta,2006-09-03,Joaquín
1714,Alquiler,2006-04-29,Joaquín
1715,Venta,2006-02-17,Joaquín
1716,Alquiler,2006-05-31,María
1717,Venta,2006-07-22,Carmen
1718,Venta,2006-03-08,Pedro
1719,Venta,2005-12-29,Carmen
1720,Alquiler,2006-09-02,Joaquín
1721,Alquiler,2006-04-27,Carmen
1722,Alquiler,2006-08-06,Jesús
1723,Venta,2006-03-02,Joaquín
1724,Alquiler,2006-05-17,Luisa
1725,Alquiler,2005-12-14,Jesús
1726,Venta,2006-01-07,María
1727,Alquiler,2006-06-03,Joaquín
1728,Venta,2006-05-19,Jesús
1729,Venta,2005-12-18,Luisa
1730,Venta,2006-04-20,Jesús
1731,Venta,2006-07-19,María
1732,Venta,2006-02-08,Carmen
1733,Alquiler,2006-07-23,Luisa
1734,Alquiler,2006-01-14,María
1735,Alquiler,2006-05-25,Jesús
1736,Venta,2006-05-07,Jesús
1737,Alquiler,2006-03-30,Jesús
1738,Alquiler,2006-04-16,Pedro
1739,Venta,2005-12-17,María
1740,Venta,2006-02-02,Carmen
1741,Venta,2006-02-20,Jesús
1742,Venta,2006-01-08,Joaquín
1743,Venta,2005-12-18,Luisa
1744,Venta,2006-04-04,Joaquín
1745,Alquiler,2006-08-08,Jesús
1746,Alquiler,2006-01-27,Jesús
1747,Alquiler,2006-02-05,Joaquín
1748,Alquiler,2006-02-02,Joaquín
1749,Venta,2006-07-21,Luisa
1750,Alquiler,2006-02-24,Jesús
1751,Venta,2006-09-13,María
1752,Alquiler,2006-04-10,Pedro
1753,Venta,2006-03-23,Carmen
1754,Venta,2006-06-06,Luisa
1755,Alquiler,2006-02-12,Pedro
1756,Alquiler,2006-07-23,Carmen
1757,Alquiler,2006-01-24,María
1758,Venta,2006-05-18,Carmen
1759,Alquiler,2006-01-21,Joaquín
1760,Venta,2006-01-17,Carmen
1761,Venta,2006-09-20,Luisa
1762,Alquiler,2006-04-23,María
1763,Alquiler,2006-02-24,María
1764,Alquiler,2006-09-27,María
1765,Venta,2006-05-15,Jesús
1766,Venta,2006-01-15,Pedro
1767,Alquiler,2006-08-15,Luisa
1768,Venta,2006-08-10,Pedro
1769,Venta,2006-01-21,María
1770,Alquiler,2006-02-28,María
1771,Alquiler,2006-05-22,Jesús
1772,Venta,2006-05-20,Jesús
1773,Venta,2005-12-30,Pedro
1774,Venta,2006-08-16,Pedro
1775,Venta,2006-08-01,Jesús
1776,Venta,2006-07-08,Luisa
1777,Alquiler,2006-05-14,Pedro
1778,Alquiler,2006-01-18,Jesús
1779,Venta,2006-06-09,María
1780,Venta,2006-07-27,Joaquín
1781,Alquiler,2006-07-26,Luisa
1782,Venta,2006-04-24,Pedro
1783,Alquiler,2006-05-25,María
1784,Venta,2006-02-27,Jesús
1785,Venta,2006-09-28,Pedro
1786,Venta,2006-06-10,Joaquín
1787,Venta,2006-07-14,Luisa
1788,Alquiler,2006-01-05,María
1789,Venta,2006-08-11,Luisa
1790,Alquiler,2006-05-24,Carmen
1791,Venta,2006-10-02,Pedro
1792,Alquiler,2006-02-28,Joaquín
1793,Alquiler,2006-02-15,Luisa
1794,Venta,2006-05-03,Jesús
1795,Alquiler,2006-05-31,Jesús
1796,Alquiler,2006-10-06,Carmen
1797,Alquiler,2006-06-02,Luisa
1798,Alquiler,2006-06-18,Carmen
1799,Venta,2006-08-02,Jesús
1800,Venta,2006-07-29,Joaquín
1801,Venta,2006-06-19,Carmen
1802,Venta,2006-09-10,Luisa
1803,Venta,2006-01-23,Luisa
1804,Venta,2006-07-19,Pedro
1805,Venta,2006-02-02,Pedro
1806,Alquiler,2006-09-01,María
1807,Venta,2006-06-08,Joaquín
1808,Alquiler,2006-05-07,María
1809,Venta,2006-05-15,Carmen
1810,Venta,2006-05-12,Pedro
1811,Venta,2006-05-22,Joaquín
1812,Alquiler,2006-02-21,María
1813,Alquiler,2006-04-18,María
1814,Alquiler,2006-09-12,Luisa
1815,Venta,2006-02-05,Pedro
1816,Venta,2006-09-29,Luisa
1817,Venta,2006-05-25,Luisa
1818,Venta,2006-06-20,Pedro
1819,Venta,2006-08-16,Luisa
1820,Alquiler,2006-06-21,Carmen
1821,Venta,2006-02-09,María
1822,Alquiler,2006-08-02,Joaquín
1823,Alquiler,2006-04-18,Jesús
1824,Venta,2006-03-11,Pedro
1825,Venta,2006-03-27,Joaquín
1826,Venta,2006-05-06,Joaquín
1827,Venta,2006-01-22,Luisa
1828,Alquiler,2006-08-27,Jesús
1829,Venta,2006-03-06,Jesús
1830,Venta,2006-05-30,Carmen
1831,Alquiler,2006-08-26,Carmen
1832,Alquiler,2006-01-18,Jesús
1833,Alquiler,2006-04-09,Joaquín
1834,Venta,2006-03-20,María
1835,Alquiler,2006-06-01,María
1836,Alquiler,2006-08-08,María
1837,Alquiler,2006-08-29,Luisa
1838,Alquiler,2006-06-28,Jesús
1839,Alquiler,2006-05-12,Carmen
1840,Alquiler,2006-06-19,Luisa
1841,Venta,2006-09-05,Pedro
1842,Alquiler,2006-07-10,Luisa
1843,Alquiler,2006-03-16,Pedro
1844,Alquiler,2006-09-05,Jesús
1845,Alquiler,2006-10-15,Carmen
1846,Alquiler,2006-09-07,Joaquín
1847,Venta,2006-05-02,María
1848,Venta,2006-04-10,Pedro
1849,Alquiler,2006-05-28,Jesús
1850,Venta,2006-03-24,Joaquín
1851,Alquiler,2006-10-28,Luisa
1852,Alquiler,2006-03-12,Luisa
1853,Venta,2006-10-28,Luisa
1854,Venta,2006-02-08,Jesús
1855,Venta,2006-04-25,Pedro
1856,Venta,2006-08-19,María
1857,Alquiler,2006-10-28,María
1858,Alquiler,2006-10-18,Pedro
1859,Alquiler,2006-04-23,María
1860,Venta,2006-10-10,María
1861,Venta,2006-05-12,Pedro
1862,Venta,2006-03-23,Luisa
1863,Alquiler,2006-06-29,Joaquín
1864,Venta,2006-04-05,María
1865,Venta,2006-06-12,Jesús
1866,Venta,2006-05-27,Luisa
1867,Venta,2006-10-25,Luisa
1868,Venta,2006-02-09,Joaquín
1869,Venta,2006-07-21,María
1870,Venta,2006-10-29,Luisa
1871,Alquiler,2006-05-05,Carmen
1872,Alquiler,2006-02-26,Luisa
1873,Venta,2006-04-16,Carmen
1874,Venta,2006-04-22,Carmen
1875,Alquiler,2006-09-07,Joaquín
1876,Venta,2006-04-09,Pedro
1877,Venta,2006-08-18,María
1878,Venta,2006-05-13,Luisa
1879,Alquiler,2006-05-31,Jesús
1880,Alquiler,2006-04-09,Pedro
1881,Alquiler,2006-08-28,María
1882,Alquiler,2006-09-18,Jesús
1883,Alquiler,2006-04-17,María
1884,Venta,2006-07-24,Carmen
1885,Alquiler,2006-03-05,Joaquín
1886,Venta,2006-02-19,Pedro
1887,Venta,2006-07-27,Pedro
1888,Alquiler,2006-04-16,Luisa
1889,Venta,2006-09-03,Carmen
1890,Alquiler,2006-08-19,María
1891,Venta,2006-05-04,Carmen
1892,Alquiler,2006-02-17,Joaquín
1893,Venta,2006-05-16,Luisa
1894,Venta,2006-04-05,María
1895,Venta,2006-02-14,María
1896,Alquiler,2006-05-21,Joaquín
1897,Alquiler,2006-06-06,María
1898,Alquiler,2006-10-18,Luisa
1899,Venta,2006-10-01,Carmen
1900,Alquiler,2006-05-04,Carmen
1901,Alquiler,2006-08-16,Luisa
1902,Venta,2006-11-05,Pedro
1903,Venta,2006-05-05,Luisa
1904,Alquiler,2006-05-26,Carmen
1905,Alquiler,2006-11-01,Jesús
1906,Venta,2006-10-16,Jesús
1907,Venta,2006-04-04,María
1908,Alquiler,2006-08-17,Carmen
1909,Alquiler,2006-03-14,Luisa
1910,Alquiler,2006-10-21,Joaquín
1911,Venta,2006-09-04,Jesús
1912,Alquiler,2006-06-18,María
1913,Alquiler,2006-04-11,Joaquín
1914,Alquiler,2006-10-24,María
1915,Venta,2006-05-25,Pedro
1916,Venta,2006-03-09,Joaquín
1917,Venta,2006-10-19,Joaquín
1918,Alquiler,2006-09-02,Carmen
1919,Venta,2006-07-19,María
1920,Venta,2006-03-09,Jesús
1921,Venta,2006-03-02,Jesús
1922,Alquiler,2006-04-19,María
1923,Alquiler,2006-11-23,Carmen
1924,Alquiler,2006-09-14,Joaquín
1925,Alquiler,2006-05-08,Carmen
1926,Alquiler,2006-11-13,Luisa
1927,Alquiler,2006-04-30,Jesús
1928,Alquiler,2006-03-28,Pedro
1929,Alquiler,2006-09-20,Pedro
1930,Alquiler,2006-09-23,Jesús
1931,Venta,2006-05-24,María
1932,Alquiler,2006-07-07,Luisa
1933,Alquiler,2006-09-17,Carmen
1934,Alquiler,2006-03-29,Carmen
1935,Venta,2006-03-14,Luisa
1936,Venta,2006-10-21,Luisa
1937,Venta,2006-05-10,Carmen
1938,Alquiler,2006-07-21,Carmen
1939,Venta,2006-08-11,Pedro
1940,Venta,2006-10-06,María
1941,Alquiler,2006-06-09,Pedro
1942,Venta,2006-08-10,Jesús
1943,Alquiler,2006-06-17,Jesús
1944,Venta,2006-06-09,Luisa
1945,Alquiler,2006-05-10,Joaquín
1946,Alquiler,2006-08-12,Carmen
1947,Alquiler,2006-07-29,Pedro
1948,Venta,2006-03-31,Luisa
1949,Venta,2006-04-10,Luisa
1950,Alquiler,2006-09-26,Jesús
1951,Alquiler,2006-11-09,María
1952,Alquiler,2006-09-13,Jesús
1953,Venta,2006-10-25,Joaquín
1954,Venta,2006-03-30,María
1955,Venta,2006-05-07,Pedro
1956,Alquiler,2006-03-18,Luisa
1957,Alquiler,2006-08-22,Joaquín
1958,Venta,2006-10-04,María
1959,Venta,2006-11-10,María
1960,Venta,2006-11-21,Pedro
1961,Venta,2006-05-01,Carmen
1962,Alquiler,2006-07-19,Joaquín
1963,Venta,2006-04-29,María
1964,Alquiler,2006-11-06,Pedro
1965,Venta,2006-07-04,Luisa
1966,Venta,2006-07-03,Pedro
1967,Venta,2006-10-05,Jesús
1968,Venta,2006-07-19,María
1969,Venta,2006-06-12,María
1970,Alquiler,2006-06-25,Joaquín
1971,Alquiler,2006-11-26,María
1972,Venta,2006-04-01,María
1973,Alquiler,2006-03-25,Luisa
1974,Alquiler,2006-06-19,Jesús
1975,Venta,2006-12-15,Carmen
1976,Alquiler,2006-05-18,Luisa
1977,Venta,2006-07-06,Pedro
1978,Alquiler,2006-09-01,María
1979,Venta,2006-12-18,Carmen
1980,Alquiler,2006-05-06,Joaquín
1981,Venta,2006-12-03,Luisa
1982,Alquiler,2006-06-26,Luisa
1983,Venta,2006-11-11,Luisa
1984,Venta,2006-04-29,Pedro
1985,Alquiler,2006-12-11,Joaquín
1986,Alquiler,2006-05-04,Jesús
1987,Alquiler,2006-04-20,María
1988,Venta,2006-10-13,Jesús
1989,Alquiler,2006-04-29,Joaquín
1990,Venta,2006-10-03,Jesús
1991,Venta,2006-06-04,Luisa
1992,Venta,2006-04-13,Jesús
1993,Venta,2006-04-23,Luisa
1994,Alquiler,2006-07-04,Pedro
1995,Venta,2006-12-18,Luisa
1996,Venta,2006-04-02,Jesús
1997,Venta,2006-04-17,Luisa
1998,Venta,2006-05-23,Pedro
1999,Venta,2006-07-01,Pedro
2000,Venta,2006-07-19,Joaquín
2001,Venta,2006-08-28,María
2002,Alquiler,2006-06-21,María
2003,Alquiler,2006-06-06,María
2004,Alquiler,2006-04-20,Luisa
2005,Venta,2006-06-21,Jesús
2006,Alquiler,2006-10-06,Pedro
2007,Alquiler,2006-03-30,Jesús
2008,Alquiler,2006-12-05,Pedro
2009,Venta,2006-09-25,Luisa
2010,Venta,2006-09-17,Carmen
2011,Venta,2006-12-23,Jesús
2012,Alquiler,2006-12-12,Pedro
2013,Alquiler,2006-10-20,Carmen
2014,Venta,2006-11-01,María
2015,Alquiler,2006-12-07,Jesús
2016,Alquiler,2006-10-22,María
2017,Venta,2006-09-08,Joaquín
2018,Alquiler,2006-07-13,Jesús
2019,Alquiler,2006-12-28,Pedro
2020,Alquiler,2006-12-17,Jesús
2021,Venta,2006-09-05,Carmen
2022,Venta,2006-12-26,Luisa
2023,Alquiler,2006-04-04,Joaquín
2024,Alquiler,2006-11-03,Luisa
2025,Alquiler,2006-06-24,Joaquín
2026,Venta,2006-08-29,Carmen
2027,Venta,2006-05-01,María
2028,Alquiler,2006-06-29,Carmen
2029,Alquiler,2006-07-12,Luisa
2030,Venta,2006-07-16,Luisa
2031,Venta,2006-05-21,María
2032,Alquiler,2006-09-11,María
2033,Alquiler,2006-10-16,Luisa
2034,Venta,2006-09-12,Joaquín
2035,Venta,2006-06-26,María
2036,Venta,2006-04-20,Pedro
2037,Alquiler,2006-04-19,María
2038,Venta,2006-06-21,Joaquín
2039,Alquiler,2006-11-01,Joaquín
2040,Venta,2006-09-02,María
2041,Venta,2006-08-01,María
2042,Alquiler,2006-05-07,María
2043,Alquiler,2006-09-19,Jesús
2044,Alquiler,2006-05-05,Joaquín
2045,Alquiler,2006-11-26,Luisa
2046,Alquiler,2006-07-24,Luisa
2047,Venta,2006-08-05,Pedro
2048,Venta,2006-09-04,Jesús
2049,Alquiler,2006-06-08,María
2050,Venta,2006-11-13,María
2051,Alquiler,2006-10-14,Jesús
2052,Venta,2006-10-07,María
2053,Venta,2006-05-14,Luisa
2054,Alquiler,2006-08-05,Jesús
2055,Alquiler,2007-01-05,Jesús
2056,Alquiler,2006-11-30,María
2057,Alquiler,2006-10-03,Luisa
2058,Alquiler,2006-12-28,Luisa
2059,Venta,2006-08-21,María
2060,Venta,2006-12-25,Jesús
2061,Alquiler,2006-05-21,Jesús
2062,Venta,2006-09-03,María
2063,Alquiler,2006-12-19,Luisa
2064,Venta,2006-09-26,Pedro
2065,Alquiler,2006-10-17,Carmen
2066,Alquiler,2006-11-16,Joaquín
2067,Alquiler,2006-11-22,Luisa
2068,Alquiler,2006-11-07,Joaquín
2069,Venta,2006-05-31,Joaquín
2070,Alquiler,2006-04-25,Carmen
2071,Venta,2006-07-03,Jesús
2072,Venta,2006-12-16,María
2073,Venta,2006-12-19,Pedro
2074,Venta,2006-07-01,Joaquín
2075,Venta,2006-10-20,Carmen
2076,Alquiler,2006-05-22,Jesús
2077,Alquiler,2006-05-10,Carmen
2078,Alquiler,2006-07-26,Pedro
2079,Venta,2006-04-21,María
2080,Venta,2006-05-15,Luisa
2081,Alquiler,2006-06-16,María
2082,Venta,2006-07-28,María
2083,Alquiler,2006-07-20,María
2084,Venta,2006-06-28,María
2085,Alquiler,2006-06-26,Pedro
2086,Alquiler,2006-10-15,Pedro
2087,Venta,2006-10-30,Luisa
2088,Alquiler,2006-12-15,Pedro
2089,Alquiler,2006-06-08,Jesús
2090,Venta,2006-08-31,Carmen
2091,Venta,2006-09-01,Pedro
2092,Alquiler,2006-06-15,María
2093,Alquiler,2006-10-03,Pedro
2094,Venta,2006-09-01,María
2095,Alquiler,2006-11-11,Jesús
2096,Alquiler,2007-01-10,Carmen
2097,Alquiler,2006-09-23,Luisa
2098,Venta,2006-08-03,Luisa
2099,Venta,2006-07-12,Joaquín
2100,Venta,2006-05-02,María
2101,Venta,2006-04-24,Carmen
2102,Alquiler,2006-04-29,Joaquín
2103,Venta,2006-06-08,Joaquín
2104,Alquiler,2006-05-12,Pedro
2105,Alquiler,2006-10-10,Jesús
2106,Venta,2006-12-22,Jesús
2107,Venta,2007-01-24,Pedro
2108,Venta,2006-12-14,María
2109,Alquiler,2006-06-15,Pedro
2110,Venta,2006-10-29,Luisa
2111,Venta,2006-06-28,Joaquín
2112,Venta,2006-05-31,Joaquín
2113,Alquiler,2006-05-15,Luisa
2114,Alquiler,2006-07-08,Pedro
2115,Alquiler,2006-10-02,Jesús
2116,Alquiler,2007-01-08,Luisa
2117,Venta,2006-08-09,Jesús
2118,Alquiler,2006-11-10,Pedro
2119,Alquiler,2006-12-16,Carmen
2120,Alquiler,2006-12-05,Joaquín
2121,Alquiler,2006-08-23,Pedro
2122,Venta,2006-12-03,Jesús
2123,Venta,2006-10-12,Luisa
2124,Venta,2006-09-24,Carmen
2125,Venta,2006-06-13,María
2126,Venta,2007-01-05,Pedro
2127,Venta,2006-12-25,María
2128,Alquiler,2006-10-12,Luisa
2129,Venta,2006-12-25,Jesús
2130,Alquiler,2006-11-13,Joaquín
2131,Alquiler,2006-11-23,Carmen
2132,Venta,2006-11-22,Joaquín
2133,Venta,2006-08-22,Carmen
2134,Alquiler,2006-07-14,Carmen
2135,Venta,2006-05-29,Jesús
2136,Venta,2007-01-17,Joaquín
2137,Venta,2006-05-07,Pedro
2138,Alquiler,2006-07-02,Pedro
2139,Alquiler,2006-09-11,Luisa
2140,Alquiler,2006-06-23,Carmen
2141,Alquiler,2007-01-17,Carmen
2142,Alquiler,2007-01-30,María
2143,Alquiler,2006-05-19,Pedro
2144,Venta,2006-06-14,Jesús
2145,Venta,2006-07-01,María
2146,Venta,2006-08-30,Jesús
2147,Alquiler,2006-06-11,Carmen
2148,Alquiler,2006-09-19,Jesús
2149,Alquiler,2006-12-27,Pedro
2150,Venta,2006-12-24,Pedro
2151,Venta,2006-07-11,Jesús
2152,Venta,2006-12-06,María
2153,Venta,2006-12-25,Carmen
2154,Alquiler,2006-10-20,Carmen
2155,Alquiler,2006-05-30,María
2156,Venta,2007-02-05,María
2157,Venta,2006-11-07,Joaquín
2158,Venta,2006-06-10,Jesús
2159,Alquiler,2006-07-19,Joaquín
2160,Venta,2006-10-21,Luisa
2161,Alquiler,2006-07-18,María
2162,Alquiler,2006-05-29,María
2163,Venta,2006-10-08,Joaquín
2164,Venta,2007-01-18,Joaquín
2165,Alquiler,2007-01-18,Luisa
2166,Venta,2007-02-01,María
2167,Alquiler,2006-07-28,Jesús
2168,Venta,2006-10-16,Luisa
2169,Alquiler,2006-05-19,Joaquín
2170,Alquiler,2007-01-10,Luisa
2171,Alquiler,2006-09-08,Pedro
2172,Venta,2006-08-02,Joaquín
2173,Venta,2006-07-19,Joaquín
2174,Alquiler,2006-10-08,Luisa
2175,Alquiler,2006-11-09,María
2176,Alquiler,2006-11-20,Jesús
2177,Venta,2006-12-24,Pedro
2178,Venta,2006-05-25,María
2179,Alquiler,2006-07-05,Pedro
2180,Venta,2006-06-30,Joaquín
2181,Venta,2006-09-13,Carmen
2182,Venta,2007-02-02,Joaquín
2183,Alquiler,2006-08-11,Luisa
2184,Alquiler,2006-10-27,Luisa
2185,Alquiler,2006-06-10,Jesús
2186,Alquiler,2006-12-28,Pedro
2187,Venta,2006-11-26,Pedro
2188,Venta,2007-01-12,Pedro
2189,Venta,2006-10-22,Luisa
2190,Alquiler,2006-12-08,Carmen
2191,Venta,2006-11-20,Luisa
2192,Alquiler,2006-05-27,Luisa
2193,Alquiler,2006-06-06,Carmen
2194,Venta,2006-07-12,Joaquín
2195,Alquiler,2006-07-06,Carmen
2196,Venta,2006-10-12,Jesús
2197,Venta,2007-01-17,Pedro
2198,Venta,2006-05-26,Pedro
2199,Venta,2007-01-23,María
2200,Alquiler,2007-02-03,Luisa
2201,Venta,2006-06-10,Pedro
2202,Alquiler,2006-07-17,Jesús
2203,Alquiler,2006-08-18,Luisa
2204,Venta,2007-02-02,Joaquín
2205,Venta,2006-07-13,Pedro
2206,Venta,2006-07-03,Carmen
2207,Venta,2006-08-02,Joaquín
2208,Venta,2007-02-13,Joaquín
2209,Alquiler,2006-08-29,Pedro
2210,Venta,2006-10-21,María
2211,Venta,2006-06-18,Jesús
2212,Alquiler,2007-01-21,Luisa
2213,Venta,2006-12-16,Carmen
2214,Alquiler,2006-10-14,Luisa
2215,Alquiler,2007-03-02,Carmen
2216,Venta,2006-10-28,María
2217,Alquiler,2006-07-26,Luisa
2218,Alquiler,2007-01-11,Carmen
2219,Alquiler,2006-11-26,Luisa
2220,Alquiler,2007-01-29,Jesús
2221,Venta,2006-08-16,María
2222,Alquiler,2006-09-04,María
2223,Venta,2006-07-26,Jesús
2224,Venta,2006-12-03,Luisa
2225,Alquiler,2006-09-11,Luisa
2226,Venta,2006-07-04,Pedro
2227,Venta,2006-12-21,Pedro
2228,Alquiler,2007-02-14,Pedro
2229,Alquiler,2006-12-22,María
2230,Alquiler,2006-06-19,Luisa
2231,Venta,2007-02-06,Luisa
2232,Alquiler,2006-11-30,Pedro
2233,Alquiler,2006-06-27,Carmen
2234,Venta,2007-02-16,Joaquín
2235,Venta,2007-01-01,Carmen
2236,Venta,2007-01-26,María
2237,Alquiler,2007-03-01,Luisa
2238,Alquiler,2006-06-19,Joaquín
2239,Venta,2006-09-26,Jesús
2240,Alquiler,2006-07-07,Joaquín
2241,Venta,2007-02-26,Luisa
2242,Alquiler,2006-07-17,Pedro
2243,Alquiler,2006-09-22,Joaquín
2244,Alquiler,2007-02-22,Pedro
2245,Alquiler,2006-09-07,Luisa
2246,Alquiler,2006-12-04,Joaquín
2247,Venta,2007-01-19,Carmen
2248,Venta,2007-02-11,María
2249,Alquiler,2006-10-16,Carmen
2250,Alquiler,2006-07-26,Pedro
2251,Venta,2006-07-22,Pedro
2252,Venta,2006-11-30,Carmen
2253,Alquiler,2007-03-07,Joaquín
2254,Alquiler,2006-12-05,María
2255,Alquiler,2006-11-19,Joaquín
2256,Alquiler,2007-01-08,Jesús
2257,Alquiler,2006-11-26,María
2258,Alquiler,2007-03-15,Carmen
2259,Alquiler,2007-01-03,Joaquín
2260,Alquiler,2006-10-19,Jesús
2261,Venta,2006-12-27,Luisa
2262,Alquiler,2006-10-21,Carmen
2263,Alquiler,2006-07-28,Pedro
2264,Alquiler,2007-01-14,Joaquín
2265,Venta,2006-10-02,Luisa
2266,Venta,2006-08-21,Jesús
2267,Alquiler,2007-01-31,Carmen
2268,Venta,2007-02-05,María
2269,Venta,2007-01-31,Jesús
2270,Alquiler,2006-06-22,Jesús
2271,Alquiler,2006-09-22,Carmen
2272,Alquiler,2006-07-31,Pedro
2273,Alquiler,2007-01-19,María
2274,Venta,2006-12-26,Joaquín
2275,Alquiler,2007-02-09,Joaquín
2276,Venta,2006-09-08,Carmen
2277,Alquiler,2007-01-30,Pedro
2278,Venta,2006-12-14,Joaquín
2279,Alquiler,2007-01-28,Carmen
2280,Alquiler,2007-03-15,María
2281,Venta,2007-02-17,Jesús
2282,Alquiler,2006-09-04,Pedro
2283,Alquiler,2006-09-20,María
2284,Venta,2006-08-28,María
2285,Venta,2006-10-07,Joaquín
2286,Venta,2006-11-15,Carmen
2287,Venta,2006-08-23,Joaquín
2288,Venta,2006-09-07,María
2289,Venta,2007-03-13,Luisa
2290,Venta,2006-12-31,Joaquín
2291,Venta,2007-03-14,Joaquín
2292,Venta,2006-11-12,Carmen
2293,Venta,2006-12-08,Luisa
2294,Venta,2006-11-08,Jesús
2295,Alquiler,2006-11-25,Jesús
2296,Alquiler,2006-09-22,Joaquín
2297,Venta,2007-01-21,Jesús
2298,Alquiler,2006-12-26,Jesús
2299,Venta,2006-11-02,María
2300,Alquiler,2006-10-22,Jesús
2301,Alquiler,2006-08-09,Jesús
2302,Alquiler,2006-09-03,Pedro
2303,Venta,2006-10-26,María
2304,Alquiler,2007-03-31,Carmen
2305,Venta,2006-09-15,Jesús
2306,Alquiler,2006-09-08,María
2307,Alquiler,2006-08-29,Carmen
2308,Venta,2007-01-07,Joaquín
2309,Venta,2006-11-25,Joaquín
2310,Alquiler,2006-11-02,Pedro
2311,Alquiler,2006-09-19,Jesús
2312,Alquiler,2007-03-03,Joaquín
2313,Alquiler,2006-09-18,Carmen
2314,Alquiler,2006-11-08,Luisa
2315,Venta,2007-01-27,Carmen
2316,Venta,2007-03-12,Carmen
2317,Venta,2006-09-01,Jesús
2318,Venta,2007-01-05,Joaquín
2319,Alquiler,2007-01-27,Carmen
2320,Alquiler,2006-08-29,Jesús
2321,Alquiler,2007-03-28,Joaquín
2322,Venta,2007-01-29,Luisa
2323,Venta,2007-01-07,Joaquín
2324,Alquiler,2006-08-21,Carmen
2325,Venta,2006-12-27,Luisa
2326,Venta,2007-03-05,Carmen
2327,Alquiler,2007-01-04,María
2328,Venta,2006-12-08,Pedro
2329,Alquiler,2007-03-28,Carmen
2330,Venta,2007-03-23,Joaquín
2331,Venta,2006-09-01,Joaquín
2332,Venta,2007-01-09,Joaquín
2333,Venta,2006-09-24,María
2334,Venta,2006-09-27,Luisa
2335,Alquiler,2007-03-20,Carmen
2336,Venta,2006-09-12,Pedro
2337,Alquiler,2007-03-23,Jesús
2338,Venta,2007-02-01,Carmen
2339,Venta,2006-09-19,Pedro
2340,Venta,2006-11-25,Carmen
2341,Venta,2007-03-27,María
2342,Alquiler,2007-03-02,Luisa
2343,Alquiler,2006-08-14,Luisa
2344,Alquiler,2007-01-21,Luisa
2345,Venta,2006-12-03,Luisa
2346,Venta,2006-12-05,Carmen
2347,Alquiler,2006-12-09,Luisa
2348,Venta,2007-04-13,María
2349,Venta,2006-10-20,Carmen
2350,Alquiler,2006-09-23,Joaquín
2351,Venta,2006-11-16,María
2352,Venta,2007-01-06,Joaquín
2353,Alquiler,2007-02-11,Luisa
2354,Venta,2006-10-31,Luisa
2355,Venta,2006-12-23,Jesús
2356,Alquiler,2006-11-26,María
2357,Venta,2006-08-17,Carmen
2358,Alquiler,2007-04-02,Carmen
2359,Alquiler,2007-04-14,Luisa
2360,Venta,2007-01-14,Luisa
2361,Alquiler,2007-02-12,Pedro
2362,Alquiler,2006-08-06,Joaquín
2363,Alquiler,2007-01-09,María
2364,Alquiler,2006-11-18,Luisa
2365,Alquiler,2006-11-22,Jesús
2366,Venta,2006-10-12,María
2367,Venta,2006-11-09,Jesús
2368,Alquiler,2006-09-20,Joaquín
2369,Alquiler,2007-03-13,Joaquín
2370,Venta,2007-04-02,Luisa
2371,Alquiler,2006-10-04,María
2372,Venta,2006-08-05,Joaquín
2373,Venta,2007-02-15,Carmen
2374,Venta,2007-04-30,María
2375,Alquiler,2006-10-22,Luisa
2376,Alquiler,2007-03-23,Pedro
2377,Venta,2007-05-01,Jesús
2378,Venta,2007-04-18,Carmen
2379,Alquiler,2006-12-19,Joaquín
2380,Venta,2006-12-17,María
2381,Venta,2006-10-26,María
2382,Alquiler,2007-01-16,Carmen
2383,Venta,2007-02-03,Pedro
2384,Alquiler,2007-02-23,Carmen
2385,Alquiler,2007-02-27,María
2386,Venta,2007-01-28,Luisa
2387,Venta,2006-12-03,Carmen
2388,Alquiler,2007-03-08,Luisa
2389,Venta,2007-05-01,Luisa
2390,Alquiler,2007-01-19,Luisa
2391,Venta,2007-05-07,María
2392,Alquiler,2006-10-02,Carmen
2393,Venta,2007-04-07,Carmen
2394,Alquiler,2006-10-15,Luisa
2395,Venta,2006-11-05,Joaquín
2396,Alquiler,2007-03-04,Jesús
2397,Alquiler,2006-12-29,María
2398,Venta,2007-03-22,Jesús
2399,Alquiler,2007-02-22,Pedro
2400,Venta,2007-01-26,María
2401,Alquiler,2006-11-17,Jesús
2402,Alquiler,2006-11-11,Luisa
2403,Venta,2006-10-10,Luisa
2404,Alquiler,2007-03-26,Pedro
2405,Alquiler,2006-10-10,Luisa
2406,Venta,2006-08-27,Jesús
2407,Alquiler,2006-10-12,María
2408,Alquiler,2006-12-16,Carmen
2409,Venta,2007-03-24,Jesús
2410,Venta,2007-01-24,Joaquín
2411,Alquiler,2007-03-01,Joaquín
2412,Alquiler,2006-08-17,Joaquín
2413,Alquiler,2006-11-15,Pedro
2414,Venta,2007-03-24,María
2415,Venta,2006-09-29,Jesús
2416,Venta,2007-01-15,María
2417,Alquiler,2006-09-22,María
2418,Alquiler,2006-10-08,Luisa
2419,Alquiler,2006-10-01,Luisa
2420,Alquiler,2007-04-14,María
2421,Venta,2007-02-04,Luisa
2422,Alquiler,2006-10-05,Carmen
2423,Alquiler,2006-09-22,Jesús
2424,Venta,2006-11-15,Joaquín
2425,Venta,2007-05-01,Jesús
2426,Venta,2006-12-10,Luisa
2427,Alquiler,2007-01-25,María
2428,Venta,,
2429,Venta,2007-04-04,Pedro
2430,Venta,2007-01-22,Luisa
2431,Alquiler,2006-08-27,Carmen
2432,Venta,2007-02-27,Carmen
2433,Alquiler,2007-01-29,Pedro
2434,Alquiler,2007-01-31,Joaquín
2435,Venta,,
2436,Alquiler,2007-01-10,Jesús
2437,Venta,2006-08-30,Carmen
2438,Alquiler,2006-12-26,Jesús
2439,Alquiler,2006-12-26,Luisa
2440,Alquiler,2007-04-30,María
2441,Alquiler,2007-01-05,Jesús
2442,Alquiler,,
2443,Alquiler,2006-09-11,Joaquín
2444,Alquiler,2007-01-29,Carmen
2445,Alquiler,2007-01-22,Luisa
2446,Venta,2007-03-16,Pedro
2447,Alquiler,2007-03-20,Luisa
2448,Venta,2007-03-29,Joaquín
2449,Venta,2006-12-28,Carmen
2450,Venta,2006-11-26,Joaquín
2451,Venta,2007-04-29,Joaquín
2452,Venta,2006-12-27,Pedro
2453,Alquiler,2006-11-26,María
2454,Venta,2006-11-01,María
2455,Venta,2006-09-11,Joaquín
2456,Venta,2006-08-31,Luisa
2457,Alquiler,2007-01-13,Carmen
2458,Venta,2007-04-02,María
2459,Alquiler,2007-01-26,Luisa
2460,Alquiler,2006-12-16,Carmen
2461,Venta,2007-03-22,María
2462,Venta,2007-02-08,Luisa
2463,Venta,2006-12-29,Carmen
2464,Venta,2006-11-19,Pedro
2465,Alquiler,,
2466,Venta,2007-03-03,Jesús
2467,Venta,2007-02-05,Pedro
2468,Venta,2007-04-25,Carmen
2469,Venta,2006-11-21,María
2470,Alquiler,2006-12-08,Joaquín
2471,Venta,2007-03-14,Carmen
2472,Alquiler,2007-03-04,Joaquín
2473,Venta,2006-12-08,Carmen
2474,Alquiler,2007-03-22,María
2475,Alquiler,2007-04-30,Pedro
2476,Alquiler,2006-12-18,Carmen
2477,Venta,2006-10-26,Pedro
2478,Venta,2007-02-08,Jesús
2479,Alquiler,,
2480,Venta,2007-04-12,Jesús
2481,Venta,2006-12-07,María
2482,Alquiler,,
2483,Alquiler,2006-12-03,Luisa
2484,Alquiler,2007-04-18,Carmen
2485,Venta,2006-11-13,Joaquín
2486,Alquiler,2007-01-11,Pedro
2487,Alquiler,2006-09-30,Pedro
2488,Alquiler,2007-05-06,Joaquín
2489,Alquiler,,
2490,Venta,2007-01-07,Joaquín
2491,Venta,2007-04-17,Joaquín
2492,Alquiler,2006-10-27,Luisa
2493,Venta,2006-12-21,Jesús
2494,Venta,,
2495,Venta,2006-11-02,Carmen
2496,Alquiler,2007-02-10,Pedro
2497,Alquiler,2006-10-13,Pedro
2498,Alquiler,,
2499,Venta,2007-01-23,María
2500,Alquiler,2006-12-24,Jesús
2501,Venta,,
2502,Venta,2006-11-30,Pedro
2503,Venta,,
2504,Venta,2006-10-09,María
2505,Alquiler,2006-10-17,María
2506,Venta,,
2507,Venta,,
2508,Alquiler,2007-05-07,Joaquín
2509,Venta,2007-04-23,María
2510,Alquiler,2006-10-11,Pedro
2511,Venta,2007-01-01,Pedro
2512,Venta,2006-10-12,Jesús
2513,Venta,2007-01-05,Jesús
2514,Alquiler,2006-12-11,María
2515,Alquiler,2007-02-05,Jesús
2516,Alquiler,2006-12-28,Jesús
2517,Venta,,
2518,Alquiler,2007-04-29,María
2519,Venta,2007-04-21,Jesús
2520,Venta,2006-12-24,Joaquín
2521,Alquiler,2007-02-02,Jesús
2522,Alquiler,2007-03-10,Jesús
2523,Venta,2006-09-28,Pedro
2524,Alquiler,2006-11-10,Carmen
2525,Alquiler,2006-11-08,Carmen
2526,Venta,2006-12-10,Jesús
2527,Alquiler,2007-03-20,Joaquín
2528,Alquiler,2007-04-19,Carmen
2529,Alquiler,2006-12-03,María
2530,Alquiler,2007-02-18,María
2531,Venta,,
2532,Alquiler,2006-11-28,Pedro
2533,Venta,2006-10-24,Jesús
2534,Venta,2006-10-11,Pedro
2535,Venta,,
2536,Alquiler,2007-03-07,Jesús
2537,Venta,2006-12-14,Joaquín
2538,Alquiler,2007-02-10,Carmen
2539,Alquiler,,
2540,Venta,2007-04-10,Pedro
2541,Venta,2007-04-28,Joaquín
2542,Venta,,
2543,Alquiler,2007-02-07,Joaquín
2544,Venta,2006-10-19,María
2545,Alquiler,2007-03-25,Jesús
2546,Alquiler,2006-12-04,Carmen
2547,Venta,2007-04-24,Luisa
2548,Alquiler,2007-02-12,Carmen
2549,Alquiler,2006-12-23,María
2550,Alquiler,2006-10-03,Carmen
2551,Alquiler,,
2552,Alquiler,2007-05-07,Luisa
2553,Alquiler,2006-12-17,Carmen
2554,Venta,2006-12-24,Luisa
2555,Venta,2006-11-24,Joaquín
2556,Alquiler,2006-12-18,Jesús
2557,Alquiler,2007-03-24,Luisa
2558,Alquiler,2007-04-10,Luisa
2559,Venta,,
2560,Alquiler,2007-03-09,María
2561,Venta,,
2562,Alquiler,2007-05-07,Joaquín
2563,Venta,2007-04-24,Jesús
2564,Alquiler,2007-04-13,Joaquín
2565,Venta,2006-11-13,Pedro
2566,Venta,2006-10-21,Jesús
2567,Alquiler,2007-04-04,Joaquín
2568,Alquiler,2007-01-15,Carmen
2569,Venta,2007-04-28,Carmen
2570,Venta,2007-04-01,Luisa
2571,Venta,,
2572,Venta,2007-01-19,Carmen
2573,Venta,,
2574,Venta,,
2575,Venta,2007-04-19,Luisa
2576,Alquiler,2007-03-16,Carmen
2577,Alquiler,2007-02-21,Pedro
2578,Alquiler,2006-11-17,Luisa
2579,Alquiler,2007-01-14,Pedro
2580,Venta,2007-03-11,Pedro
2581,Venta,2007-01-13,María
2582,Alquiler,2006-11-15,María
2583,Alquiler,2007-03-18,Luisa
2584,Alquiler,2007-03-01,María
2585,Alquiler,2006-11-23,Luisa
2586,Venta,2006-12-19,Jesús
2587,Venta,,
2588,Alquiler,,
2589,Alquiler,2007-02-04,Pedro
2590,Venta,2007-02-24,Carmen
2591,Venta,2006-11-05,Carmen
2592,Alquiler,,
2593,Venta,2007-03-08,María
2594,Alquiler,2006-11-25,Joaquín
2595,Venta,2006-10-23,Jesús
2596,Venta,2007-03-17,Jesús
2597,Alquiler,2007-02-26,Pedro
2598,Venta,2007-05-01,Joaquín
2599,Venta,2007-02-24,María
2600,Venta,2006-11-20,Joaquín
2601,Alquiler,2007-04-21,Luisa
2602,Venta,2006-12-24,Luisa
2603,Venta,2007-02-25,María
2604,Alquiler,2007-02-03,Carmen
2605,Alquiler,,
2606,Alquiler,2006-11-18,Jesús
2607,Alquiler,2007-03-20,María
2608,Alquiler,,
2609,Venta,2007-03-13,María
2610,Alquiler,,
2611,Venta,2006-10-30,Joaquín
2612,Venta,,
2613,Venta,,
2614,Alquiler,2007-03-04,Jesús
2615,Alquiler,2006-12-15,Jesús
2616,Alquiler,2007-04-06,María
2617,Venta,2007-01-02,Joaquín
2618,Alquiler,2006-12-30,María
2619,Alquiler,2007-01-21,Joaquín
2620,Venta,2006-11-27,Luisa
2621,Alquiler,2007-04-24,Jesús
2622,Alquiler,,
2623,Alquiler,2007-03-21,María
2624,Venta,,
2625,Venta,,
2626,Venta,2007-04-16,María
2627,Alquiler,2007-01-23,Pedro
2628,Venta,2007-02-03,Joaquín
2629,Alquiler,2007-04-18,Joaquín
2630,Venta,,
2631,Venta,2007-03-26,Joaquín
2632,Venta,2007-01-21,María
2633,Venta,2007-03-04,María
2634,Alquiler,2007-03-05,María
2635,Alquiler,2007-01-07,Luisa
2636,Venta,2007-04-02,Luisa
2637,Alquiler,,
2638,Venta,2006-11-23,Carmen
2639,Venta,2006-12-06,Pedro
2640,Venta,2007-01-30,Jesús
2641,Alquiler,,
2642,Alquiler,2007-02-05,Joaquín
2643,Venta,,
2644,Venta,2006-12-01,Joaquín
2645,Alquiler,2007-03-06,Carmen
2646,Alquiler,2007-03-26,Luisa
2647,Alquiler,2006-12-25,Pedro
2648,Venta,2007-01-24,Pedro
2649,Venta,2006-12-31,Carmen
2650,Alquiler,,
2651,Venta,,
2652,Venta,2006-12-24,Carmen
2653,Alquiler,,
2654,Venta,,
2655,Alquiler,2006-12-15,Jesús
2656,Alquiler,2006-11-16,Carmen
2657,Alquiler,2007-02-20,Jesús
2658,Venta,,
2659,Alquiler,,
2660,Venta,2006-12-17,Carmen
2661,Venta,2006-12-21,Carmen
2662,Alquiler,,
2663,Venta,,
2664,Alquiler,2007-03-05,Luisa
2665,Venta,2007-01-11,Joaquín
2666,Alquiler,,
2667,Venta,,
2668,Venta,2007-01-11,Carmen
2669,Alquiler,,
2670,Venta,,
2671,Venta,2007-04-27,Luisa
2672,Alquiler,2007-03-29,Jesús
2673,Venta,2007-03-13,Jesús
2674,Venta,2006-12-21,Carmen
2675,Venta,,
2676,Venta,,
2677,Venta,2006-12-16,Carmen
2678,Alquiler,2007-03-23,María
2679,Venta,2007-03-31,Luisa
2680,Alquiler,2007-01-03,Jesús
2681,Venta,,
2682,Alquiler,2007-04-28,María
2683,Alquiler,,
2684,Alquiler,2007-01-28,Pedro
2685,Alquiler,,
2686,Alquiler,,
2687,Venta,,
2688,Venta,2007-01-20,María
2689,Venta,2006-12-28,Luisa
2690,Alquiler,2006-12-14,Joaquín
2691,Alquiler,,
2692,Venta,2007-05-03,Jesús
2693,Venta,,
2694,Venta,2007-03-23,Pedro
2695,Venta,2007-01-19,Luisa
2696,Venta,,
2697,Alquiler,2007-02-28,Jesús
2698,Venta,2007-02-19,Joaquín
2699,Venta,,
2700,Venta,2006-12-24,María
2701,Alquiler,2007-04-20,Luisa
2702,Venta,2007-01-28,María
2703,Alquiler,,
2704,Alquiler,2007-03-08,Joaquín
2705,Alquiler,,
2706,Venta,2007-01-26,María
2707,Alquiler,,
2708,Alquiler,,
2709,Alquiler,2006-12-20,Luisa
2710,Venta,,
2711,Alquiler,,
2712,Venta,2007-04-09,Carmen
2713,Alquiler,2007-01-28,Carmen
2714,Alquiler,,
2715,Venta,,
2716,Alquiler,2007-04-24,Pedro
2717,Venta,,
2718,Alquiler,,
2719,Venta,,
2720,Venta,,
2721,Venta,,
2722,Alquiler,2007-02-19,Pedro
2723,Venta,,
2724,Alquiler,,
2725,Venta,2007-01-11,Pedro
2726,Venta,2007-03-04,Carmen
2727,Alquiler,2007-01-07,Joaquín
2728,Venta,,
2729,Venta,,
2730,Venta,2007-02-13,María
2731,Venta,,
2732,Alquiler,2007-05-02,María
2733,Venta,2006-12-28,Pedro
2734,Venta,,
2735,Alquiler,2007-01-28,Carmen
2736,Alquiler,,
2737,Alquiler,2007-01-06,Joaquín
2738,Alquiler,,
2739,Venta,,
2740,Venta,2007-02-15,María
2741,Venta,,
2742,Venta,,
2743,Venta,,
2744,Venta,2007-01-02,Carmen
2745,Venta,,
2746,Alquiler,,
2747,Venta,2006-12-31,Carmen
2748,Venta,,
2749,Venta,2007-02-23,Joaquín
2750,Alquiler,2007-04-24,Jesús
2751,Venta,,
2752,Venta,2007-01-07,María
2753,Venta,2007-02-10,Luisa
2754,Alquiler,2007-03-11,María
2755,Venta,,
2756,Alquiler,2007-02-23,Jesús
2757,Venta,,
2758,Alquiler,2007-01-19,Luisa
2759,Alquiler,2007-01-31,Carmen
2760,Alquiler,2007-01-10,Carmen
2761,Venta,,
2762,Venta,2007-05-07,Luisa
2763,Alquiler,2007-01-14,Pedro
2764,Venta,,
2765,Alquiler,,
2766,Venta,2007-05-06,Pedro
2767,Venta,,
2768,Venta,2007-03-30,Joaquín
2769,Venta,2007-04-23,María
2770,Venta,2007-02-01,Luisa
2771,Alquiler,2007-05-04,María
2772,Venta,,
2773,Alquiler,2007-03-20,Carmen
2774,Venta,,
2775,Venta,2007-03-11,María
2776,Venta,2007-02-02,Joaquín
2777,Venta,2007-01-20,Joaquín
2778,Venta,,
2779,Venta,2007-03-26,Luisa
2780,Venta,,
2781,Venta,,
2782,Venta,2007-04-14,Luisa
2783,Venta,,
2784,Venta,,
2785,Venta,2007-03-03,Carmen
2786,Venta,2007-04-09,Jesús
2787,Alquiler,,
2788,Alquiler,2007-04-04,Carmen
2789,Venta,2007-04-04,María
2790,Venta,2007-01-22,Jesús
2791,Venta,2007-02-11,Pedro
2792,Venta,,
2793,Venta,,
2794,Alquiler,,
2795,Alquiler,,
2796,Venta,,
2797,Alquiler,,
2798,Alquiler,,
2799,Venta,,
2800,Venta,,
2801,Venta,2007-04-06,Luisa
2802,Venta,2007-01-15,Carmen
2803,Alquiler,,
2804,Venta,2007-04-17,Luisa
2805,Alquiler,2007-02-19,Carmen
2806,Venta,2007-04-30,Luisa
2807,Alquiler,,
2808,Venta,2007-03-08,Jesús
2809,Alquiler,2007-02-18,Carmen
2810,Alquiler,2007-02-19,Luisa
2811,Venta,,
2812,Venta,2007-03-12,Carmen
2813,Alquiler,,
2814,Venta,,
2815,Alquiler,,
2816,Alquiler,2007-03-17,Pedro
2817,Venta,,
2818,Venta,,
2819,Venta,,
2820,Venta,2007-05-03,Luisa
2821,Alquiler,,
2822,Alquiler,,
2823,Venta,,
2824,Venta,2007-03-23,Jesús
2825,Alquiler,2007-03-08,María
2826,Venta,,
2827,Venta,,
2828,Alquiler,,
2829,Alquiler,2007-03-31,Joaquín
2830,Alquiler,,
2831,Alquiler,2007-04-07,Joaquín
2832,Alquiler,,
2833,Venta,,
2834,Venta,2007-05-03,Jesús
2835,Alquiler,,
2836,Venta,,
2837,Alquiler,2007-04-26,María
2838,Venta,,
2839,Alquiler,,
2840,Alquiler,2007-03-28,Pedro
2841,Alquiler,2007-05-04,Pedro
2842,Alquiler,,
2843,Alquiler,2007-03-25,Carmen
2844,Venta,2007-01-30,Pedro
2845,Alquiler,,
2846,Alquiler,2007-03-13,Joaquín
2847,Alquiler,,
2848,Alquiler,,
2849,Venta,2007-05-04,Carmen
2850,Venta,,
2851,Alquiler,2007-03-18,Jesús
2852,Alquiler,2007-03-07,Jesús
2853,Venta,,
2854,Alquiler,2007-03-28,Carmen
2855,Venta,,
2856,Alquiler,2007-03-28,Pedro
2857,Alquiler,,
2858,Alquiler,2007-05-06,Jesús
2859,Alquiler,2007-05-05,Jesús
2860,Alquiler,,
2861,Alquiler,2007-04-28,Pedro
2862,Venta,2007-04-26,Pedro
2863,Venta,2007-03-06,Jesús
2864,Alquiler,,
2865,Venta,,
2866,Alquiler,,
2867,Venta,,
2868,Alquiler,,
2869,Alquiler,2007-04-25,Luisa
2870,Venta,,
2871,Venta,2007-02-21,Joaquín
2872,Venta,2007-03-27,Carmen
2873,Venta,,
2874,Alquiler,,
2875,Venta,2007-03-18,Carmen
2876,Alquiler,,
2877,Venta,,
2878,Venta,,
2879,Alquiler,2007-04-03,Jesús
2880,Venta,2007-04-25,Pedro
2881,Venta,,
2882,Venta,,
2883,Alquiler,,
2884,Alquiler,,
2885,Alquiler,2007-04-22,María
2886,Alquiler,2007-02-17,Carmen
2887,Alquiler,,
2888,Alquiler,2007-03-20,Luisa
2889,Venta,,
2890,Alquiler,,
2891,Venta,,
2892,Alquiler,,
2893,Alquiler,,
2894,Venta,,
2895,Alquiler,2007-04-26,Jesús
2896,Alquiler,,
2897,Alquiler,,
2898,Venta,2007-04-24,Joaquín
2899,Venta,,
2900,Venta,,
2901,Venta,2007-03-13,Pedro
2902,Venta,,
2903,Alquiler,,
2904,Alquiler,2007-03-10,Jesús
2905,Alquiler,,
2906,Alquiler,,
2907,Alquiler,2007-03-15,Joaquín
2908,Alquiler,,
2909,Alquiler,,
2910,Alquiler,2007-04-17,Joaquín
2911,Venta,,
2912,Venta,,
2913,Alquiler,,
2914,Venta,,
2915,Venta,,
2916,Venta,,
2917,Alquiler,,
2918,Venta,,
2919,Alquiler,,
2920,Alquiler,,
2921,Venta,2007-03-25,Jesús
2922,Alquiler,,
2923,Alquiler,,
2924,Venta,2007-04-03,Jesús
2925,Alquiler,,
2926,Venta,,
2927,Venta,,
2928,Alquiler,,
2929,Venta,,
2930,Venta,,
2931,Venta,,
2932,Venta,,
2933,Venta,,
2934,Alquiler,,
2935,Venta,,
2936,Venta,2007-05-07,Joaquín
2937,Venta,2007-03-31,Jesús
2938,Venta,,
2939,Venta,2007-03-08,María
2940,Venta,,
2941,Alquiler,,
2942,Venta,2007-03-09,Joaquín
2943,Alquiler,,
2944,Alquiler,,
2945,Venta,,
2946,Venta,,
2947,Alquiler,2007-04-24,Joaquín
2948,Alquiler,,
2949,Alquiler,,
2950,Venta,,
2951,Alquiler,2007-03-13,Pedro
2952,Alquiler,,
2953,Venta,,
2954,Alquiler,,
2955,Alquiler,,
2956,Venta,,
2957,Alquiler,2007-03-10,María
2958,Alquiler,,
2959,Venta,,
2960,Alquiler,2007-04-18,Jesús
2961,Venta,,
2962,Venta,2007-04-12,María
2963,Venta,,
2964,Venta,,
2965,Alquiler,,
2966,Venta,,
2967,Venta,2007-03-25,Joaquín
2968,Venta,,
2969,Alquiler,2007-03-31,Joaquín
2970,Alquiler,,
2971,Alquiler,,
2972,Venta,,
2973,Venta,2007-04-23,Joaquín
2974,Alquiler,,
2975,Alquiler,,
2976,Alquiler,,
2977,Venta,,
2978,Alquiler,,
2979,Alquiler,,
2980,Alquiler,2007-04-04,María
2981,Alquiler,,
2982,Alquiler,,
2983,Venta,,
2984,Venta,,
2985,Venta,2007-03-26,Joaquín
2986,Alquiler,2007-03-20,Jesús
2987,Alquiler,,
2988,Venta,,
2989,Venta,2007-04-08,Joaquín
2990,Venta,,
2991,Venta,2007-04-15,Luisa
2992,Alquiler,,
2993,Venta,,
2994,Venta,,
2995,Venta,,
2996,Venta,,
2997,Alquiler,,
2998,Venta,,
2999,Alquiler,,
3000,Alquiler,,
3001,Alquiler,,
3002,Alquiler,2007-05-02,Jesús
3003,Alquiler,,
3004,Alquiler,,
3005,Alquiler,,
3006,Alquiler,,
3007,Alquiler,,
3008,Venta,,
3009,Alquiler,,
3010,Alquiler,,
3011,Venta,,
3012,Venta,,
3013,Venta,,
3014,Alquiler,,
3015,Alquiler,,
3016,Alquiler,2007-04-28,Joaquín
3017,Venta,2007-05-05,Pedro
3018,Alquiler,,
3019,Venta,,
3020,Alquiler,,
3021,Alquiler,,
3022,Alquiler,,
3023,Alquiler,,
3024,Alquiler,,
3025,Alquiler,,
3026,Alquiler,,
3027,Venta,,
3028,Venta,,
3029,Alquiler,,
3030,Alquiler,2007-04-20,Pedro
3031,Venta,,
3032,Venta,,
3033,Venta,,
3034,Alquiler,,
3035,Alquiler,,
3036,Venta,,
3037,Alquiler,,
3038,Alquiler,,
3039,Alquiler,,
3040,Venta,,
3041,Venta,,
3042,Venta,2007-04-17,Carmen
3043,Venta,,
3044,Alquiler,,
3045,Venta,2007-04-30,María
3046,Alquiler,,
3047,Venta,,
3048,Venta,,
3049,Venta,,
3050,Venta,,
3051,Venta,,
3052,Venta,,
3053,Venta,,
3054,Venta,,
3055,Alquiler,,
3056,Venta,,
3057,Alquiler,,
3058,Alquiler,,
3059,Alquiler,,
3060,Alquiler,,
3061,Venta,,
3062,Alquiler,,
3063,Venta,,
3064,Venta,,
3065,Alquiler,,
3066,Venta,,
3067,Alquiler,,
3068,Venta,,
3069,Venta,,
3070,Alquiler,,
3071,Alquiler,,
3072,Venta,,
3073,Alquiler,,
3074,Venta,,
3075,Alquiler,,
3076,Alquiler,,
3077,Venta,,
3078,Alquiler,,
3079,Alquiler,,
3080,Alquiler,,
3081,Alquiler,,
3082,Venta,,
3083,Alquiler,,
3084,Alquiler,,
3085,Venta,,
3086,Venta,,
3087,Venta,,
3088,Venta,,
3089,Venta,,
3090,Venta,,
3091,Alquiler,,
3092,Venta,,
3093,Alquiler,,
3094,Alquiler,,
3095,Venta,,
3096,Alquiler,,
3097,Alquiler,,
3098,Alquiler,,
3099,Venta,,
3100,Venta,,
3101,Alquiler,,
3102,Venta,,
3103,Alquiler,,
3104,Alquiler,,
3105,Alquiler,,
3106,Alquiler,,
3107,Alquiler,,
3108,Alquiler,,
3109,Alquiler,,
3110,Venta,,
3111,Venta,,
3112,Alquiler,,
3113,Alquiler,,
3114,Venta,,
3115,Venta,,
3116,Venta,,
3117,Venta,,
3118,Venta,,
3119,Alquiler,,
3120,Alquiler,,
3121,Venta,,
3122,Venta,,
3123,Alquiler,,
3124,Venta,,
3125,Venta,,
3126,Alquiler,,
3127,Venta,,
3128,Alquiler,,
3129,Alquiler,,
3130,Venta,,
3131,Venta,,
3132,Alquiler,,
3133,Venta,,
3134,Alquiler,,
3135,Venta,,
3136,Alquiler,,
3137,Alquiler,,
3138,Alquiler,,
3139,Alquiler,,
3140,Alquiler,,
3141,Alquiler,,
3142,Venta,,
3143,Alquiler,,
3144,Venta,,
3145,Alquiler,,
3146,Venta,,
3147,Venta,,
3148,Venta,,
3149,Venta,,
3150,Alquiler,,
3151,Venta,,
3152,Venta,,
3153,Venta,,
3154,Venta,,
3155,Venta,,
3156,Alquiler,,
3157,Venta,,
3158,Venta,,
3159,Venta,,
3160,Venta,,
3161,Venta,,
3162,Alquiler,,
3163,Venta,,
3164,Venta,,
3165,Venta,,
3166,Alquiler,,
3167,Venta,,
3168,Alquiler,,
3169,Venta,,
3170,Venta,,
3171,Venta,,
3172,Venta,,
3173,Alquiler,,
3174,Alquiler,,
3175,Alquiler,,
3176,Venta,,
3177,Alquiler,,
3178,Alquiler,,
3179,Venta,,
3180,Alquiler,,
3181,Alquiler,,
3182,Venta,,
3183,Alquiler,,
3184,Venta,,
3185,Venta,,
3186,Alquiler,,
3187,Alquiler,,
3188,Alquiler,,
3189,Venta,,
3190,Alquiler,,
3191,Venta,,
3192,Venta,,
3193,Alquiler,,
3194,Venta,,
3195,Alquiler,,
3196,Alquiler,,
3197,Alquiler,,
3198,Alquiler,,
3199,Alquiler,,
3200,Alquiler,,
3201,Venta,,
3202,Alquiler,,
3203,Venta,,
3204,Venta,,
3205,Alquiler,,
3206,Alquiler,,
3207,Venta,,
3208,Alquiler,,
3209,Venta,,
3210,Alquiler,,
3211,Venta,,
3212,Alquiler,,
3213,Venta,,
3214,Venta,,
3215,Venta,,
3216,Venta,,
3217,Venta,,
3218,Alquiler,,
3219,Venta,,
3220,Alquiler,,
3221,Venta,,
3222,Alquiler,,
3223,Venta,,
3224,Venta,,
3225,Venta,,
3226,Venta,,
3227,Venta,,
3228,Alquiler,,
3229,Alquiler,,
3230,Alquiler,,
3231,Venta,,
3232,Venta,,
3233,Alquiler,,
3234,Alquiler,,
3235,Alquiler,,
3236,Venta,,
3237,Alquiler,,
3238,Venta,,
3239,Alquiler,,
3240,Alquiler,,
3241,Alquiler,,
3242,Venta,,
3243,Alquiler,,
3244,Alquiler,,
3245,Venta,,
3246,Venta,,
3247,Venta,,
3248,Venta,,
3249,Alquiler,,
3250,Venta,,
3251,Alquiler,,
3252,Venta,,
3253,Alquiler,,
3254,Venta,,
3255,Alquiler,,
3256,Alquiler,,
3257,Venta,,
3258,Alquiler,,
3259,Alquiler,,
3260,Venta,,
3261,Alquiler,,
3262,Alquiler,,
3263,Alquiler,,
3264,Venta,,
3265,Alquiler,,
3266,Venta,,
3267,Alquiler,,
3268,Alquiler,,
3269,Alquiler,,
3270,Venta,,
3271,Alquiler,,
3272,Alquiler,,
3273,Venta,,
3274,Venta,,
3275,Venta,,
3276,Venta,,
3277,Alquiler,,
3278,Venta,,
3279,Venta,,
3280,Alquiler,,
3281,Alquiler,,
3282,Venta,,
3283,Venta,,
3284,Alquiler,,
3285,Alquiler,,
3286,Alquiler,,
3287,Alquiler,,
3288,Venta,,
3289,Alquiler,,
3290,Venta,,
3291,Alquiler,,
3292,Alquiler,,
3293,Alquiler,,
3294,Venta,,
3295,Venta,,
3296,Alquiler,,
3297,Venta,,
3298,Alquiler,,
3299,Alquiler,,
3300,Alquiler,,
3301,Alquiler,,
3302,Alquiler,,
3303,Venta,,
3304,Venta,,
3305,Venta,,
3306,Venta,,
3307,Venta,,
3308,Venta,,
3309,Alquiler,,
3310,Alquiler,,
3311,Alquiler,,
3312,Alquiler,,
3313,Venta,,
3314,Venta,,
3315,Alquiler,,
3316,Venta,,
3317,Alquiler,,
3318,Venta,,
3319,Alquiler,,
3320,Alquiler,,
3321,Venta,,
3322,Venta,,
3323,Venta,,
3324,Alquiler,,
3325,Alquiler,,
3326,Alquiler,,
3327,Venta,,
3328,Venta,,
3329,Venta,,
3330,Venta,,
3331,Venta,,
3332,Alquiler,,
3333,Alquiler,,
3334,Venta,,
3335,Alquiler,,
3336,Venta,,
