Provincia,Referencia,Fecha Alta,Tipo,Operación,Superficie,Precio Venta,Fecha Venta,Vendedor
Lleida,1,2004-01-01,Parking,Alquiler,291,2133903,2004-06-19,Carmen
Girona,4,2004-01-02,Parking,Alquiler,285,1815450,2004-04-27,Jesús
Girona,8,2004-01-03,Oficina,Venta,235,2158475,2004-10-31,Jesús
Lleida,10,2004-01-04,Parking,Venta,299,2042768,2004-10-06,Joaquín
Barcelona,13,2004-01-04,Parking,Venta,300,2937300,2004-11-04,Jesús
Barcelona,18,2004-01-06,Suelo,Venta,283,1679605,2004-06-06,Carmen
Barcelona,21,2004-01-09,Industrial,Venta,228,2020992,2004-06-12,Carmen
Barcelona,34,2004-01-15,Casa,Venta,281,2483197,2004-11-01,María
Tarragona,35,2004-01-15,Industrial,Alquiler,257,1799771,2004-12-31,Luisa
Girona,37,2004-01-16,Local,Venta,229,1160572,2004-07-09,Pedro
Tarragona,38,2004-01-17,Suelo,Alquiler,300,1492800,2004-12-08,Joaquín
Tarragona,39,2004-01-18,Parking,Alquiler,215,1154980,2005-01-14,Joaquín
Barcelona,41,2004-01-18,Piso,Venta,230,1421860,2004-09-23,Jesús
Girona,44,2004-01-19,Casa,Venta,278,1537062,2004-12-16,María
Barcelona,45,2004-01-20,Oficina,Alquiler,287,2851058,2005-01-02,Joaquín
Lleida,46,2004-01-20,Oficina,Alquiler,224,1294048,2004-10-29,Carmen
Barcelona,48,2004-01-20,Industrial,Venta,284,1457488,2004-07-06,Jesús
Lleida,52,2004-01-22,Local,Alquiler,206,1605564,2004-09-26,María
Girona,58,2004-01-24,Local,Alquiler,274,2287626,2004-12-21,María
Lleida,60,2004-01-24,Oficina,Alquiler,270,1920240,2004-06-28,Jesús
Lleida,66,2004-01-27,Suelo,Venta,272,2119424,2004-12-24,Pedro
Girona,69,2004-01-27,Local,Venta,248,2212408,2004-10-09,María
Girona,71,2004-01-28,Casa,Venta,235,1939925,2004-11-01,Carmen
Tarragona,72,2004-01-28,Suelo,Venta,216,1478952,2004-10-15,Carmen
Girona,74,2004-01-29,Industrial,Venta,229,1098055,2004-10-22,Joaquín
Tarragona,76,2004-01-29,Suelo,Alquiler,234,1757106,2004-12-28,Pedro
Barcelona,79,2004-01-31,Parking,Venta,298,2520484,2004-11-27,Carmen
Barcelona,80,2004-01-31,Parking,Alquiler,217,1339107,2004-10-05,Carmen
Barcelona,81,2004-02-01,Industrial,Alquiler,236,1812244,2004-11-17,Pedro
Girona,86,2004-02-03,Piso,Venta,275,2141700,2005-01-08,Jesús
Girona,90,2004-02-04,Suelo,Venta,292,2685816,2004-07-24,Pedro
Lleida,98,2004-02-07,Casa,Venta,227,1467782,2005-02-01,Carmen
Girona,99,2004-02-07,Industrial,Alquiler,251,2067236,2004-12-22,María
Girona,103,2004-02-08,Casa,Alquiler,258,1188090,2004-07-19,María
Girona,105,2004-02-10,Piso,Alquiler,238,1854496,2005-02-02,Luisa
Lleida,106,2004-02-10,Piso,Alquiler,300,2105700,2005-01-26,Pedro
Girona,107,2004-02-10,Suelo,Alquiler,222,1791318,2004-12-13,Jesús
Barcelona,109,2004-02-12,Suelo,Alquiler,300,1528200,2004-08-09,Pedro
Barcelona,110,2004-02-12,Parking,Venta,206,1587642,2004-12-20,Luisa
Girona,117,2004-02-15,Oficina,Venta,274,1724008,2004-09-26,Joaquín
Girona,118,2004-02-15,Oficina,Venta,253,2047276,2004-09-10,Luisa
Barcelona,122,2004-02-17,Casa,Alquiler,270,1385910,2005-02-05,Pedro
Lleida,129,2004-02-21,Parking,Alquiler,206,1363926,2005-01-08,Carmen
Tarragona,130,2004-02-21,Oficina,Venta,216,1389096,2004-11-23,Luisa
Tarragona,134,2004-02-22,Oficina,Alquiler,275,1765225,2005-02-20,Joaquín
Barcelona,140,2004-02-26,Piso,Venta,222,1076034,2004-06-02,María
Girona,146,2004-02-28,Parking,Venta,274,2028970,2004-08-20,Luisa
Lleida,149,2004-02-29,Piso,Venta,249,1492506,2005-02-12,Luisa
Lleida,150,2004-03-01,Casa,Alquiler,212,1800516,2004-12-19,Jesús
Girona,156,2004-03-03,Casa,Venta,284,1561432,2004-07-01,Pedro
Tarragona,157,2004-03-03,Oficina,Venta,202,1891932,2004-10-02,María
Lleida,162,2004-03-05,Piso,Alquiler,251,1361675,2004-08-16,Jesús
Tarragona,163,2004-03-05,Local,Venta,266,1161090,2004-11-23,Carmen
Girona,164,2004-03-05,Oficina,Alquiler,287,1395681,2004-09-13,Carmen
Tarragona,166,2004-03-06,Oficina,Venta,250,2275500,2004-07-29,Luisa
Lleida,168,2004-03-06,Suelo,Venta,221,1842035,2004-10-15,Joaquín
Barcelona,169,2004-03-07,Industrial,Alquiler,286,2080078,2004-07-14,Jesús
Girona,173,2004-03-09,Oficina,Venta,268,2400476,2005-03-08,Joaquín
Tarragona,180,2004-03-12,Suelo,Alquiler,201,1874928,2004-06-21,Jesús
Girona,183,2004-03-14,Local,Alquiler,231,1446522,2004-09-02,Carmen
Tarragona,184,2004-03-14,Suelo,Venta,273,1447992,2004-10-24,Pedro
Barcelona,185,2004-03-15,Industrial,Venta,265,2109930,2004-08-27,María
Barcelona,196,2004-03-20,Piso,Alquiler,281,1336717,2004-11-10,Carmen
Tarragona,200,2004-03-22,Parking,Venta,281,2108343,2004-09-26,Pedro
Girona,201,2004-03-22,Parking,Venta,247,1050985,2004-11-09,Pedro
Girona,205,2004-03-23,Local,Venta,274,2002392,2004-12-04,Luisa
Lleida,206,2004-03-23,Piso,Alquiler,250,2253500,2005-02-21,Joaquín
Lleida,210,2004-03-24,Oficina,Alquiler,206,1297594,2005-03-03,Carmen
Barcelona,211,2004-03-25,Parking,Alquiler,269,2134246,2004-08-11,Carmen
Lleida,213,2004-03-26,Suelo,Alquiler,223,1932518,2005-01-19,Pedro
Girona,215,2004-03-27,Parking,Alquiler,214,1219158,2004-07-13,Pedro
Tarragona,216,2004-03-27,Industrial,Venta,263,1494892,2005-02-02,María
Lleida,217,2004-03-28,Industrial,Alquiler,216,1398600,2004-11-03,Luisa
Lleida,220,2004-03-30,Industrial,Alquiler,209,1042283,2004-09-17,Jesús
Girona,228,2004-04-01,Local,Venta,211,2010619,2004-11-12,Jesús
Tarragona,232,2004-04-03,Oficina,Venta,212,1479548,2004-11-03,María
Girona,233,2004-04-03,Local,Alquiler,246,1362348,2004-10-05,Joaquín
Girona,234,2004-04-03,Suelo,Venta,230,1722700,2005-03-26,Carmen
Girona,236,2004-04-03,Industrial,Venta,226,2104286,2004-08-26,Carmen
Tarragona,237,2004-04-05,Piso,Venta,262,1748850,2004-10-07,Pedro
Lleida,239,2004-04-05,Piso,Alquiler,268,2338032,2005-01-02,Pedro
Lleida,241,2004-04-06,Local,Venta,260,2038660,2004-07-26,Carmen
Lleida,243,2004-04-07,Local,Venta,298,1870546,2005-03-31,Luisa
Tarragona,244,2004-04-07,Local,Alquiler,284,1431076,2004-12-22,María
Barcelona,245,2004-04-08,Casa,Venta,239,1176597,2004-07-07,Joaquín
Girona,246,2004-04-09,Local,Venta,287,1936102,2005-04-08,Jesús
Tarragona,249,2004-04-09,Industrial,Venta,223,2026401,2004-12-13,Joaquín
Girona,256,2004-04-10,Industrial,Venta,238,1620304,2004-10-05,Carmen
Lleida,257,2004-04-11,Suelo,Alquiler,261,1220697,2005-02-09,Carmen
Barcelona,258,2004-04-11,Suelo,Alquiler,242,1099648,2005-02-13,María
Tarragona,260,2004-04-12,Piso,Alquiler,258,1750014,2004-12-09,Luisa
Lleida,261,2004-04-12,Casa,Alquiler,201,1107108,2005-04-07,Joaquín
Barcelona,263,2004-04-13,Oficina,Alquiler,244,1006988,2004-08-06,María
Tarragona,264,2004-04-14,Parking,Alquiler,258,1770912,2005-03-02,Jesús
Tarragona,266,2004-04-14,Parking,Alquiler,216,1125792,2004-09-16,Jesús
Girona,267,2004-04-14,Casa,Venta,204,1291116,2004-09-27,Carmen
Tarragona,270,2004-04-15,Parking,Alquiler,223,1342906,2004-10-31,Joaquín
Lleida,271,2004-04-15,Local,Alquiler,237,1093281,2005-01-02,Jesús
Lleida,272,2004-04-15,Suelo,Venta,270,2409210,2004-09-03,Carmen
Barcelona,277,2004-04-17,Parking,Venta,209,2038586,2005-01-06,Jesús
Girona,279,2004-04-18,Suelo,Venta,244,1414956,2005-02-26,María
Girona,281,2004-04-18,Oficina,Venta,258,1081278,2005-04-13,Carmen
Girona,282,2004-04-18,Casa,Venta,285,2534505,2004-12-28,Jesús
Girona,284,2004-04-19,Suelo,Alquiler,262,2404898,2004-10-20,Luisa
Barcelona,287,2004-04-19,Industrial,Alquiler,225,1360800,2004-07-22,Jesús
Girona,290,2004-04-20,Oficina,Alquiler,227,1437818,2005-03-27,Jesús
Tarragona,291,2004-04-21,Casa,Alquiler,295,1877675,2004-09-11,Pedro
Barcelona,296,2004-04-22,Parking,Alquiler,235,1773780,2005-03-28,Pedro
Girona,297,2004-04-23,Suelo,Alquiler,288,2699136,2004-07-28,Pedro
Girona,302,2004-04-24,Industrial,Alquiler,211,1171894,2005-03-22,Pedro
Girona,303,2004-04-25,Oficina,Venta,209,1728221,2004-08-30,Carmen
Barcelona,304,2004-04-26,Casa,Alquiler,298,2612566,2005-02-16,Pedro
Girona,305,2004-04-27,Oficina,Venta,249,1150380,2004-11-18,Joaquín
Barcelona,308,2004-04-28,Suelo,Alquiler,228,1521216,2005-03-16,Carmen
Lleida,309,2004-04-28,Piso,Alquiler,237,1763517,2004-09-06,Luisa
Tarragona,314,2004-04-30,Suelo,Alquiler,230,1386900,2005-03-21,Joaquín
Barcelona,315,2004-05-01,Casa,Alquiler,251,2439971,2005-02-14,Joaquín
Barcelona,316,2004-05-02,Industrial,Alquiler,261,2571111,2005-02-07,Carmen
Barcelona,317,2004-05-02,Parking,Alquiler,251,1754992,2004-08-26,Jesús
Girona,320,2004-05-02,Industrial,Alquiler,277,2456159,2004-08-04,María
Barcelona,323,2004-05-03,Parking,Venta,237,1592166,2004-10-15,María
Barcelona,328,2004-05-04,Suelo,Venta,273,1369368,2005-04-17,Jesús
Lleida,329,2004-05-04,Industrial,Venta,285,1922325,2004-11-11,María
Tarragona,334,2004-05-07,Industrial,Alquiler,242,2110966,2005-01-22,Pedro
Tarragona,336,2004-05-07,Local,Alquiler,227,1394461,2005-01-28,María
Tarragona,341,2004-05-10,Casa,Venta,229,1990697,2004-11-02,Pedro
Lleida,342,2004-05-10,Local,Alquiler,259,1992228,2004-12-21,Pedro
Tarragona,346,2004-05-11,Local,Venta,202,1320676,2004-12-23,Pedro
Tarragona,349,2004-05-12,Parking,Venta,234,1398852,2004-11-01,María
Tarragona,352,2004-05-14,Casa,Venta,241,2060550,2004-10-10,Luisa
Tarragona,353,2004-05-14,Piso,Alquiler,257,1980185,2004-08-14,Carmen
Tarragona,355,2004-05-14,Oficina,Alquiler,209,1181686,2004-10-15,Carmen
Lleida,361,2004-05-17,Local,Venta,291,1505925,2005-03-10,Luisa
Lleida,364,2004-05-18,Local,Venta,267,1257036,2004-12-26,Luisa
Tarragona,370,2004-05-19,Suelo,Alquiler,285,1377975,2004-09-14,Jesús
Barcelona,371,2004-05-20,Oficina,Venta,230,1109980,2004-12-08,Luisa
Tarragona,375,2004-05-22,Local,Venta,230,1398630,2005-04-10,María
Lleida,376,2004-05-23,Industrial,Alquiler,247,1210053,2004-09-04,Jesús
Girona,378,2004-05-24,Suelo,Alquiler,280,1680000,2004-09-17,María
Lleida,380,2004-05-25,Local,Venta,269,2586704,2005-03-27,Carmen
Lleida,382,2004-05-26,Suelo,Alquiler,264,2582184,2005-04-24,Luisa
Lleida,383,2004-05-26,Industrial,Alquiler,298,1331166,2004-12-28,Joaquín
Girona,391,2004-05-30,Suelo,Venta,300,1483500,2005-03-29,Carmen
Barcelona,392,2004-05-30,Piso,Alquiler,202,1560450,2005-02-06,Jesús
Girona,393,2004-05-31,Piso,Venta,225,1164375,2005-03-04,Pedro
Lleida,396,2004-05-31,Parking,Alquiler,296,1602544,2004-09-07,Jesús
Tarragona,400,2004-06-01,Parking,Venta,208,1225120,2005-01-22,Carmen
Barcelona,401,2004-06-02,Piso,Alquiler,271,2682900,2005-06-02,Pedro
Lleida,402,2004-06-02,Industrial,Alquiler,278,2188138,2005-01-21,María
Tarragona,405,2004-06-03,Local,Venta,224,1804992,2005-01-20,Jesús
Barcelona,406,2004-06-03,Oficina,Venta,207,1883700,2005-02-23,Carmen
Girona,409,2004-06-04,Parking,Venta,293,1750089,2005-04-05,Luisa
Lleida,416,2004-06-07,Oficina,Alquiler,201,1287807,2004-09-11,Carmen
Barcelona,417,2004-06-07,Suelo,Venta,254,1381506,2005-04-14,Luisa
Girona,418,2004-06-07,Industrial,Alquiler,287,2452989,2005-01-26,Joaquín
Barcelona,423,2004-06-09,Local,Alquiler,260,1090180,2004-12-16,Luisa
Barcelona,424,2004-06-09,Parking,Venta,261,1945755,2004-11-06,Jesús
Lleida,426,2004-06-09,Oficina,Alquiler,207,1042659,2004-10-12,Jesús
Tarragona,429,2004-06-11,Parking,Alquiler,271,2190493,2004-11-02,Jesús
Tarragona,430,2004-06-11,Oficina,Venta,249,1388175,2004-10-29,Luisa
Lleida,432,2004-06-12,Oficina,Alquiler,205,1980300,2005-01-01,Joaquín
Tarragona,434,2004-06-13,Local,Alquiler,246,1898628,2004-12-15,Joaquín
Girona,435,2004-06-13,Industrial,Alquiler,233,1541528,2005-02-03,Jesús
Girona,439,2004-06-15,Oficina,Alquiler,298,2524358,2004-10-23,Luisa
Girona,443,2004-06-17,Piso,Alquiler,245,1001070,2004-10-14,Jesús
Lleida,447,2004-06-17,Parking,Alquiler,263,1779458,2005-01-24,Pedro
Girona,448,2004-06-17,Local,Alquiler,234,1159470,2004-10-02,Pedro
Lleida,450,2004-06-18,Industrial,Alquiler,248,1674744,2005-05-01,Luisa
Lleida,452,2004-06-19,Suelo,Venta,215,2097970,2004-11-13,Pedro
Barcelona,455,2004-06-20,Parking,Alquiler,244,2439512,2005-01-02,Carmen
Girona,463,2004-06-23,Casa,Venta,214,1962380,2005-06-01,Pedro
Lleida,465,2004-06-24,Industrial,Alquiler,268,2628812,2005-03-15,Pedro
Tarragona,472,2004-06-25,Suelo,Venta,297,1820016,2005-01-08,María
Girona,479,2004-06-28,Oficina,Venta,232,1028224,2005-05-26,Luisa
Barcelona,481,2004-06-29,Oficina,Alquiler,257,1166780,2005-01-10,Jesús
Tarragona,482,2004-06-29,Industrial,Venta,243,1983123,2005-06-16,María
Girona,486,2004-06-30,Piso,Venta,283,2199476,2005-06-04,Luisa
Lleida,487,2004-06-30,Casa,Venta,261,2475063,2005-01-21,Carmen
Barcelona,490,2004-07-02,Parking,Alquiler,234,1911312,2005-04-08,Luisa
Lleida,492,2004-07-03,Local,Venta,282,1298328,2005-03-10,Jesús
Lleida,493,2004-07-03,Parking,Alquiler,299,1948583,2004-12-21,María
Barcelona,494,2004-07-03,Piso,Venta,274,1729762,2005-07-03,Luisa
Barcelona,495,2004-07-03,Oficina,Venta,268,2578696,2005-06-28,Luisa
Girona,497,2004-07-03,Oficina,Venta,209,1316073,2005-04-02,Pedro
Lleida,500,2004-07-04,Industrial,Alquiler,240,2238000,2005-05-06,Pedro
Lleida,502,2004-07-05,Piso,Alquiler,224,2087904,2005-01-29,Jesús
Tarragona,506,2004-07-05,Industrial,Alquiler,235,1207195,2004-10-14,Luisa
Barcelona,508,2004-07-05,Local,Venta,271,2297538,2004-11-22,Jesús
Barcelona,510,2004-07-06,Industrial,Alquiler,227,1175860,2005-07-05,Joaquín
Tarragona,512,2004-07-06,Parking,Alquiler,239,1782940,2004-11-13,Joaquín
Lleida,522,2004-07-09,Casa,Venta,223,1293400,2005-03-03,Carmen
Girona,523,2004-07-09,Suelo,Alquiler,270,1429380,2005-03-25,Carmen
Lleida,525,2004-07-10,Parking,Venta,280,1249360,2005-01-09,Pedro
Lleida,528,2004-07-12,Casa,Alquiler,231,2273040,2005-02-04,Joaquín
Lleida,529,2004-07-12,Industrial,Alquiler,206,1414602,2005-06-14,Carmen
Lleida,535,2004-07-14,Industrial,Alquiler,280,1730680,2005-05-07,Carmen
Girona,538,2004-07-15,Industrial,Alquiler,279,2161134,2005-03-09,María
Barcelona,548,2004-07-20,Parking,Venta,286,2330042,2004-10-21,Carmen
Girona,549,2004-07-20,Local,Venta,237,1403988,2005-06-27,Carmen
Lleida,550,2004-07-21,Casa,Alquiler,275,1711325,2005-04-27,Luisa
Girona,551,2004-07-21,Piso,Alquiler,237,2215002,2004-10-31,Pedro
Barcelona,553,2004-07-21,Oficina,Venta,209,1568754,2004-12-15,Pedro
Girona,558,2004-07-24,Piso,Alquiler,246,1875012,2005-03-08,Luisa
Tarragona,560,2004-07-25,Industrial,Alquiler,285,1412175,2004-12-01,Pedro
Barcelona,563,2004-07-25,Piso,Venta,237,1272216,2005-04-27,Jesús
Girona,566,2004-07-26,Local,Alquiler,266,1881950,2005-01-15,María
Tarragona,572,2004-07-28,Local,Alquiler,235,1897155,2005-07-01,Carmen
Tarragona,573,2004-07-28,Parking,Venta,243,1038825,2004-12-14,Jesús
Barcelona,575,2004-07-28,Parking,Alquiler,280,1877400,2005-04-21,Joaquín
Girona,578,2004-07-29,Oficina,Venta,221,1571973,2004-12-25,Joaquín
Tarragona,580,2004-07-30,Parking,Venta,226,1634884,2005-07-20,María
Tarragona,581,2004-07-30,Casa,Venta,230,1742020,2004-11-16,Jesús
Lleida,582,2004-07-31,Industrial,Venta,290,2584480,2004-11-22,Jesús
Tarragona,583,2004-07-31,Local,Venta,297,1767744,2005-03-23,Pedro
Girona,584,2004-08-01,Casa,Alquiler,257,1077601,2005-02-07,Luisa
Tarragona,593,2004-08-04,Suelo,Venta,213,1234974,2005-06-23,Carmen
Barcelona,595,2004-08-04,Industrial,Venta,262,1343798,2005-04-15,Jesús
Barcelona,600,2004-08-08,Oficina,Alquiler,289,1275646,2005-01-29,Pedro
Girona,602,2004-08-09,Industrial,Venta,227,1218763,2005-07-27,Joaquín
Lleida,605,2004-08-10,Piso,Alquiler,212,1817264,2005-06-25,María
Lleida,608,2004-08-11,Suelo,Venta,210,1117620,2005-05-12,Carmen
Lleida,609,2004-08-11,Suelo,Venta,287,1790880,2004-11-18,Pedro
Barcelona,611,2004-08-11,Casa,Venta,294,2658936,2005-06-21,Luisa
Barcelona,613,2004-08-11,Industrial,Venta,225,1879200,2004-11-19,Pedro
Barcelona,614,2004-08-12,Casa,Alquiler,241,1085705,2005-01-28,Pedro
Lleida,615,2004-08-12,Local,Venta,283,1992320,2005-04-07,María
Barcelona,616,2004-08-12,Piso,Alquiler,231,1237929,2005-04-13,Luisa
Tarragona,621,2004-08-14,Industrial,Venta,223,2171128,2005-03-23,Carmen
Girona,625,2004-08-15,Industrial,Alquiler,222,2171826,2005-01-12,Carmen
Tarragona,626,2004-08-16,Piso,Alquiler,263,2061131,2005-07-28,Joaquín
Tarragona,628,2004-08-16,Casa,Alquiler,212,1360828,2005-04-24,Jesús
Girona,629,2004-08-17,Piso,Venta,249,1427019,2004-12-04,Jesús
Barcelona,631,2004-08-17,Parking,Alquiler,272,1972816,2005-08-14,Carmen
Girona,632,2004-08-17,Piso,Venta,201,1816437,2005-05-10,Pedro
Tarragona,634,2004-08-18,Piso,Alquiler,283,2576432,2005-05-13,María
Girona,639,2004-08-19,Piso,Alquiler,277,2646181,2005-07-04,Carmen
Girona,641,2004-08-19,Oficina,Venta,249,2306238,2005-03-02,María
Lleida,643,2004-08-20,Industrial,Alquiler,255,2338095,2005-08-10,Carmen
Tarragona,645,2004-08-20,Industrial,Venta,227,1917696,2005-02-22,Joaquín
Girona,648,2004-08-21,Oficina,Venta,267,1153173,2005-03-28,Pedro
Girona,651,2004-08-22,Piso,Venta,207,1015956,2005-06-17,Jesús
Girona,652,2004-08-22,Oficina,Alquiler,259,1080548,2004-12-31,María
Girona,654,2004-08-22,Oficina,Alquiler,207,1953873,2005-06-10,Luisa
Girona,655,2004-08-22,Oficina,Venta,293,2787016,2005-03-23,Luisa
Tarragona,656,2004-08-23,Oficina,Venta,252,1773072,2005-04-01,Luisa
Lleida,657,2004-08-23,Casa,Venta,284,1589832,2005-02-28,Luisa
Tarragona,658,2004-08-23,Parking,Venta,286,1442870,2005-08-09,Pedro
Girona,661,2004-08-23,Local,Venta,278,1730550,2004-12-09,María
Girona,662,2004-08-24,Parking,Alquiler,254,1963166,2005-07-27,Joaquín
Girona,664,2004-08-24,Local,Alquiler,252,2057832,2005-03-14,Luisa
Lleida,666,2004-08-26,Suelo,Venta,271,1457980,2005-05-09,Luisa
Tarragona,669,2004-08-27,Parking,Venta,290,1747830,2005-01-14,Luisa
Barcelona,670,2004-08-28,Industrial,Venta,289,2188597,2005-04-27,María
Barcelona,671,2004-08-28,Suelo,Alquiler,235,1277930,2005-04-07,Luisa
Barcelona,678,2004-08-30,Industrial,Venta,225,1239300,2005-01-29,María
Tarragona,680,2004-08-30,Piso,Alquiler,249,1029864,2005-05-06,Carmen
Tarragona,681,2004-08-30,Industrial,Alquiler,284,1166104,2005-04-08,Jesús
Lleida,682,2004-08-30,Oficina,Venta,274,1577692,2005-05-11,Joaquín
Tarragona,684,2004-08-31,Parking,Venta,247,2285244,2005-03-07,María
Lleida,687,2004-09-01,Piso,Alquiler,240,1214880,2005-04-09,Luisa
Barcelona,693,2004-09-03,Suelo,Venta,269,1722407,2004-12-21,Jesús
Lleida,695,2004-09-03,Local,Venta,205,1524585,2005-05-02,Pedro
Tarragona,696,2004-09-04,Suelo,Alquiler,256,1379328,2005-03-27,Luisa
Girona,700,2004-09-06,Local,Alquiler,299,1251315,2005-01-20,Luisa
Girona,701,2004-09-06,Casa,Venta,225,2023200,2004-12-27,Joaquín
Girona,702,2004-09-07,Piso,Alquiler,295,2553225,2005-01-14,Carmen
Barcelona,704,2004-09-08,Piso,Alquiler,278,2540364,2005-04-12,Carmen
Tarragona,705,2004-09-08,Oficina,Alquiler,271,1165842,2005-02-10,Luisa
Girona,706,2004-09-08,Piso,Alquiler,258,1501560,2005-01-05,Joaquín
Girona,707,2004-09-08,Industrial,Venta,215,1713120,2005-05-27,Carmen
Tarragona,709,2004-09-09,Casa,Alquiler,210,1181670,2005-07-13,Jesús
Lleida,710,2004-09-09,Parking,Venta,274,1291636,2005-05-24,María
Tarragona,711,2004-09-10,Casa,Venta,289,2114035,2004-12-14,Luisa
Lleida,712,2004-09-10,Parking,Alquiler,244,2280668,2005-07-16,María
Lleida,714,2004-09-10,Casa,Alquiler,235,2135210,2005-05-14,Pedro
Barcelona,716,2004-09-10,Oficina,Alquiler,206,1793848,2005-09-03,Luisa
Tarragona,719,2004-09-11,Oficina,Venta,283,1565839,2005-06-15,Pedro
Tarragona,720,2004-09-11,Casa,Venta,226,2216608,2005-07-09,Luisa
Barcelona,724,2004-09-12,Oficina,Alquiler,241,2085373,2005-07-07,Joaquín
Tarragona,730,2004-09-16,Parking,Alquiler,284,1830664,2005-01-02,Pedro
Lleida,738,2004-09-19,Suelo,Alquiler,294,1201578,2005-01-31,Luisa
Barcelona,739,2004-09-20,Piso,Venta,250,1527750,2005-02-10,Luisa
Barcelona,740,2004-09-21,Parking,Alquiler,254,2328418,2005-01-06,Joaquín
Barcelona,742,2004-09-22,Suelo,Venta,218,1330236,2004-12-27,Pedro
Girona,748,2004-09-22,Industrial,Alquiler,228,2145480,2005-06-21,María
Girona,750,2004-09-23,Parking,Alquiler,294,1335936,2005-07-14,Carmen
Tarragona,754,2004-09-25,Piso,Alquiler,251,1206557,2005-05-20,María
Tarragona,755,2004-09-25,Oficina,Venta,235,2202655,2005-04-16,Pedro
Barcelona,758,2004-09-26,Piso,Venta,272,1535168,2005-07-26,Luisa
Barcelona,760,2004-09-26,Casa,Alquiler,299,1695330,2005-07-14,Joaquín
Girona,763,2004-09-27,Piso,Alquiler,291,2411808,2005-02-28,Joaquín
Girona,764,2004-09-27,Oficina,Alquiler,210,1122240,2005-08-27,Pedro
Girona,765,2004-09-28,Local,Alquiler,291,2354481,2005-01-26,Carmen
Girona,766,2004-09-29,Piso,Alquiler,204,1044480,2005-04-17,Jesús
Girona,768,2004-09-29,Piso,Venta,231,1213212,2005-06-24,Carmen
Barcelona,772,2004-10-04,Suelo,Venta,277,1363948,2005-01-02,Jesús
Tarragona,774,2004-10-05,Local,Alquiler,244,2332152,2005-06-05,Joaquín
Lleida,775,2004-10-05,Local,Venta,204,1606500,2005-07-25,Carmen
Barcelona,778,2004-10-06,Local,Alquiler,228,1554732,2005-08-17,Jesús
Tarragona,779,2004-10-06,Local,Alquiler,256,1877760,2005-04-14,María
Girona,783,2004-10-06,Oficina,Alquiler,219,1455693,2005-01-28,Joaquín
Barcelona,785,2004-10-06,Casa,Alquiler,228,1685148,2005-10-05,Luisa
Barcelona,787,2004-10-06,Casa,Venta,279,2064879,2005-05-07,María
Barcelona,789,2004-10-07,Piso,Venta,251,1781849,2005-07-23,Luisa
Tarragona,792,2004-10-08,Piso,Venta,292,1565120,2005-10-02,Joaquín
Tarragona,794,2004-10-10,Oficina,Venta,277,1522946,2005-03-09,Joaquín
Barcelona,797,2004-10-11,Oficina,Venta,255,1442280,2005-05-04,Jesús
Girona,798,2004-10-11,Piso,Venta,222,1478742,2005-09-24,Jesús
Tarragona,799,2004-10-11,Suelo,Alquiler,278,2209822,2005-02-27,Jesús
Barcelona,805,2004-10-14,Piso,Alquiler,243,1469178,2005-02-18,Pedro
Tarragona,807,2004-10-15,Suelo,Alquiler,259,1891736,2005-07-18,María
Tarragona,809,2004-10-15,Casa,Venta,222,1292484,2005-10-01,Pedro
Lleida,811,2004-10-16,Industrial,Venta,214,1805518,2005-08-30,Carmen
Tarragona,812,2004-10-16,Oficina,Venta,236,2208252,2005-04-21,Pedro
Barcelona,816,2004-10-18,Parking,Alquiler,232,2180104,2005-07-19,Joaquín
Tarragona,820,2004-10-19,Piso,Alquiler,206,1688170,2005-07-17,Jesús
Tarragona,822,2004-10-20,Industrial,Venta,259,1628333,2005-08-09,María
Girona,826,2004-10-21,Oficina,Alquiler,239,1709567,2005-06-10,Jesús
Lleida,833,2004-10-24,Oficina,Alquiler,212,1968632,2005-10-23,Pedro
Tarragona,836,2004-10-25,Suelo,Venta,274,2124596,2005-02-21,Carmen
Tarragona,845,2004-10-31,Industrial,Venta,280,1485680,2005-10-23,Luisa
Tarragona,846,2004-10-31,Suelo,Alquiler,246,2214984,2005-09-22,Joaquín
Tarragona,848,2004-10-31,Oficina,Alquiler,223,1566129,2005-04-06,Jesús
Girona,852,2004-11-02,Casa,Alquiler,237,1768020,2005-04-27,Luisa
Tarragona,853,2004-11-02,Piso,Venta,246,1708716,2005-03-16,Jesús
Lleida,854,2004-11-02,Piso,Alquiler,299,2430272,2005-03-26,Carmen
Girona,855,2004-11-03,Suelo,Venta,223,1650200,2005-08-28,Carmen
Girona,857,2004-11-03,Industrial,Venta,238,2379048,2005-09-08,María
Lleida,858,2004-11-03,Oficina,Alquiler,251,1821758,2005-06-11,Luisa
Lleida,860,2004-11-03,Piso,Venta,288,2242656,2005-02-11,Jesús
Barcelona,863,2004-11-06,Oficina,Alquiler,246,2328636,2005-03-10,Luisa
Tarragona,870,2004-11-08,Industrial,Venta,245,1951180,2005-04-06,Luisa
Lleida,873,2004-11-09,Industrial,Alquiler,295,2923155,2005-05-06,Luisa
Lleida,880,2004-11-11,Parking,Alquiler,272,1542784,2005-06-24,Joaquín
Girona,883,2004-11-11,Piso,Venta,266,1370964,2005-10-22,María
Lleida,889,2004-11-13,Oficina,Alquiler,236,1420012,2005-10-31,Pedro
Girona,891,2004-11-13,Casa,Venta,255,2543625,2005-08-29,Pedro
Tarragona,892,2004-11-14,Casa,Alquiler,226,2025638,2005-05-04,María
Tarragona,893,2004-11-14,Casa,Venta,228,1115604,2005-09-21,Pedro
Barcelona,895,2004-11-14,Industrial,Alquiler,229,1341024,2005-09-12,Jesús
Tarragona,896,2004-11-14,Piso,Alquiler,226,1340632,2005-09-24,Luisa
Barcelona,898,2004-11-15,Casa,Venta,258,2449452,2005-03-14,Jesús
Girona,901,2004-11-16,Parking,Alquiler,294,1653456,2005-07-18,Pedro
Barcelona,902,2004-11-17,Oficina,Alquiler,294,2722146,2005-11-05,Joaquín
Lleida,913,2004-11-20,Suelo,Alquiler,250,1676500,2005-08-30,Pedro
Girona,915,2004-11-20,Oficina,Venta,285,1869885,2005-08-10,Jesús
Tarragona,917,2004-11-21,Parking,Venta,263,1719757,2005-08-28,Pedro
Lleida,919,2004-11-22,Casa,Alquiler,270,1311660,2005-10-11,María
Lleida,922,2004-11-24,Oficina,Venta,217,1238202,2005-05-11,Joaquín
Tarragona,923,2004-11-24,Suelo,Venta,257,1440742,2005-07-09,Carmen
Girona,924,2004-11-25,Parking,Alquiler,283,2213909,2005-05-10,Luisa
Lleida,925,2004-11-25,Parking,Alquiler,298,2039512,2005-10-11,Joaquín
Barcelona,926,2004-11-25,Suelo,Alquiler,298,2376550,2005-10-19,Luisa
Barcelona,928,2004-11-26,Industrial,Alquiler,283,1615647,2005-06-06,Joaquín
Lleida,931,2004-11-27,Suelo,Venta,223,2053384,2005-11-13,Carmen
Girona,934,2004-11-29,Casa,Alquiler,228,2212740,2005-10-10,Jesús
Girona,937,2004-12-01,Industrial,Alquiler,276,1932552,2005-10-20,María
Girona,939,2004-12-01,Industrial,Alquiler,216,1962360,2005-05-17,Pedro
Barcelona,940,2004-12-02,Industrial,Venta,249,1662822,2005-07-11,Luisa
Tarragona,943,2004-12-03,Piso,Venta,268,1273000,2005-06-16,Carmen
Girona,946,2004-12-04,Piso,Venta,243,1447551,2005-09-13,Pedro
Girona,948,2004-12-05,Piso,Alquiler,237,1725597,2005-07-07,Pedro
Barcelona,949,2004-12-05,Parking,Alquiler,206,1241562,2005-07-27,María
Girona,950,2004-12-05,Piso,Venta,233,2153852,2005-03-11,Pedro
Girona,953,2004-12-07,Casa,Alquiler,240,1510320,2005-10-19,Carmen
Tarragona,958,2004-12-10,Local,Alquiler,227,1071667,2005-05-26,Carmen
Tarragona,959,2004-12-10,Parking,Venta,291,1872876,2005-05-16,María
Girona,960,2004-12-10,Suelo,Venta,275,1732500,2005-07-10,Joaquín
Lleida,966,2004-12-11,Piso,Alquiler,213,1994532,2005-04-22,María
Lleida,969,2004-12-14,Piso,Venta,272,2581552,2005-10-22,Pedro
Girona,970,2004-12-14,Piso,Alquiler,232,1193408,2005-06-07,Luisa
Girona,972,2004-12-14,Piso,Venta,219,1059303,2005-07-27,Joaquín
Barcelona,976,2004-12-16,Local,Alquiler,232,1236560,2005-11-20,Pedro
Girona,981,2004-12-18,Local,Venta,278,2273762,2005-11-30,Pedro
Barcelona,982,2004-12-19,Casa,Alquiler,212,1588940,2005-08-29,Carmen
Barcelona,983,2004-12-19,Oficina,Alquiler,250,1127750,2005-04-04,Luisa
Lleida,984,2004-12-19,Suelo,Alquiler,278,1678286,2005-04-20,Jesús
Barcelona,985,2004-12-20,Piso,Alquiler,270,2427300,2005-09-06,Pedro
Lleida,986,2004-12-20,Suelo,Alquiler,212,1753240,2005-05-14,Joaquín
Lleida,987,2004-12-21,Industrial,Venta,258,1894752,2005-08-21,Carmen
Tarragona,988,2004-12-21,Casa,Alquiler,225,2000475,2005-07-12,Jesús
Barcelona,991,2004-12-21,Oficina,Venta,233,1870757,2005-10-13,Luisa
Girona,992,2004-12-22,Piso,Alquiler,281,2326118,2005-07-22,María
Tarragona,993,2004-12-22,Industrial,Venta,201,1911510,2005-06-23,Luisa
Girona,998,2004-12-23,Local,Venta,219,2101743,2005-07-30,Luisa
Lleida,1000,2004-12-24,Parking,Venta,300,2707200,2005-10-15,Luisa
Barcelona,1001,2004-12-25,Local,Venta,250,1368750,2005-06-07,Luisa
Barcelona,1002,2004-12-25,Piso,Alquiler,292,2677056,2005-07-22,María
Lleida,1006,2004-12-26,Suelo,Venta,215,1706240,2005-04-25,Pedro
Tarragona,1009,2004-12-27,Piso,Alquiler,222,1266732,2005-06-23,Pedro
Girona,1017,2005-01-01,Parking,Venta,217,2101862,2005-10-23,Carmen
Barcelona,1018,2005-01-01,Local,Alquiler,269,1360064,2005-08-17,Jesús
Lleida,1020,2005-01-02,Industrial,Alquiler,201,1176855,2005-10-07,María
Tarragona,1022,2005-01-03,Piso,Alquiler,237,1177653,2005-11-10,Joaquín
Tarragona,1025,2005-01-04,Industrial,Alquiler,216,2022624,2005-05-07,Jesús
Barcelona,1026,2005-01-04,Parking,Alquiler,206,1231262,2005-07-10,Luisa
Lleida,1029,2005-01-05,Piso,Alquiler,269,1089181,2005-07-25,Joaquín
Tarragona,1030,2005-01-05,Piso,Alquiler,221,1194505,2005-12-12,María
Barcelona,1035,2005-01-07,Industrial,Venta,252,2398788,2005-11-19,Jesús
Lleida,1037,2005-01-08,Industrial,Venta,271,2496723,2005-12-12,Jesús
Lleida,1039,2005-01-09,Casa,Alquiler,264,1441440,2005-10-28,Pedro
Tarragona,1041,2005-01-09,Local,Alquiler,286,1732302,2005-08-26,Joaquín
Tarragona,1044,2005-01-11,Piso,Alquiler,217,1603196,2005-12-11,Joaquín
Girona,1045,2005-01-11,Parking,Alquiler,260,2402920,2005-10-09,Joaquín
Girona,1046,2005-01-11,Suelo,Alquiler,240,1823280,2005-09-04,Luisa
Barcelona,1048,2005-01-12,Casa,Alquiler,279,2362572,2005-09-25,Luisa
Lleida,1051,2005-01-12,Parking,Venta,246,1940448,2005-10-08,Pedro
Barcelona,1054,2005-01-14,Oficina,Alquiler,251,2138771,2005-05-15,Carmen
Barcelona,1058,2005-01-15,Parking,Venta,221,1919827,2006-01-06,Joaquín
Barcelona,1063,2005-01-19,Oficina,Venta,213,1886541,2005-09-05,Jesús
Girona,1066,2005-01-20,Suelo,Venta,287,2808008,2005-06-24,Pedro
Barcelona,1068,2005-01-21,Parking,Venta,221,1471197,2005-10-17,Joaquín
Lleida,1070,2005-01-21,Parking,Venta,232,1162784,2005-08-23,Pedro
Tarragona,1073,2005-01-22,Oficina,Alquiler,246,2083866,2005-07-25,Luisa
Lleida,1074,2005-01-22,Industrial,Alquiler,293,2141830,2005-09-19,Joaquín
Barcelona,1075,2005-01-23,Parking,Alquiler,290,2275050,2005-09-20,Jesús
Barcelona,1077,2005-01-23,Local,Alquiler,212,1911604,2006-01-14,María
Barcelona,1078,2005-01-24,Oficina,Alquiler,254,1850644,2005-11-28,Carmen
Lleida,1080,2005-01-24,Local,Alquiler,287,2279354,2005-12-15,Joaquín
Tarragona,1083,2005-01-25,Oficina,Alquiler,210,1332030,2006-01-02,Carmen
Girona,1084,2005-01-25,Parking,Alquiler,287,1370138,2005-05-03,Joaquín
Lleida,1086,2005-01-25,Piso,Alquiler,260,2546180,2005-05-23,Carmen
Barcelona,1090,2005-01-28,Local,Alquiler,253,1816793,2005-10-22,Pedro
Tarragona,1092,2005-01-29,Piso,Alquiler,299,2130375,2005-10-28,Carmen
Girona,1093,2005-01-31,Parking,Alquiler,222,2209344,2005-09-09,Carmen
Barcelona,1095,2005-02-01,Local,Venta,300,1772700,2006-01-03,María
Barcelona,1098,2005-02-01,Suelo,Venta,262,1960808,2005-09-11,Pedro
Tarragona,1100,2005-02-02,Piso,Alquiler,243,1814238,2006-01-29,Jesús
Tarragona,1102,2005-02-02,Casa,Venta,268,1950772,2005-06-02,Joaquín
Tarragona,1109,2005-02-05,Parking,Alquiler,286,2064634,2005-05-26,Carmen
Barcelona,1112,2005-02-06,Industrial,Alquiler,210,1602300,2005-06-26,Pedro
Lleida,1118,2005-02-09,Parking,Alquiler,293,2741308,2005-10-20,María
Barcelona,1119,2005-02-10,Local,Alquiler,286,1912482,2005-11-26,Pedro
Girona,1122,2005-02-11,Piso,Venta,228,1339044,2005-12-14,Pedro
Girona,1124,2005-02-11,Piso,Venta,208,1215344,2005-05-27,Jesús
Tarragona,1125,2005-02-13,Casa,Alquiler,245,2287075,2006-01-31,Luisa
Barcelona,1128,2005-02-14,Parking,Venta,229,1859480,2006-01-06,Joaquín
Barcelona,1138,2005-02-16,Casa,Venta,257,1066550,2005-09-23,Carmen
Tarragona,1142,2005-02-16,Casa,Venta,230,1033850,2005-10-30,María
Barcelona,1143,2005-02-17,Suelo,Alquiler,254,1394206,2005-05-28,Carmen
Barcelona,1144,2005-02-17,Suelo,Alquiler,256,2176768,2006-02-13,Carmen
Girona,1152,2005-02-19,Local,Venta,224,1966272,2005-12-02,Pedro
Lleida,1153,2005-02-19,Suelo,Venta,272,2021232,2005-10-16,Jesús
Barcelona,1154,2005-02-20,Piso,Alquiler,292,2865688,2005-08-21,Carmen
Tarragona,1156,2005-02-20,Industrial,Venta,251,1305200,2005-12-18,Luisa
Girona,1157,2005-02-20,Local,Venta,254,1614170,2006-01-18,María
Barcelona,1158,2005-02-20,Oficina,Venta,298,2436448,2005-08-13,Carmen
Tarragona,1159,2005-02-20,Industrial,Venta,214,1823708,2005-09-16,Joaquín
Barcelona,1160,2005-02-21,Industrial,Venta,276,2148384,2005-10-12,Jesús
Lleida,1165,2005-02-23,Suelo,Alquiler,214,1665134,2005-10-21,Pedro
Lleida,1166,2005-02-23,Piso,Alquiler,227,1820540,2005-10-12,Luisa
Girona,1168,2005-02-24,Piso,Venta,206,1136502,2006-01-22,Pedro
Tarragona,1178,2005-02-27,Parking,Venta,219,1468614,2005-10-10,Pedro
Barcelona,1185,2005-03-02,Piso,Venta,236,1388388,2006-02-04,Joaquín
Barcelona,1189,2005-03-03,Piso,Alquiler,255,1471605,2005-10-11,Carmen
Girona,1192,2005-03-04,Casa,Alquiler,235,2055310,2006-01-03,Jesús
Barcelona,1193,2005-03-04,Casa,Alquiler,239,1320236,2005-08-03,Carmen
Lleida,1203,2005-03-07,Industrial,Venta,237,1013175,2006-01-10,Pedro
Barcelona,1204,2005-03-07,Oficina,Venta,255,2151435,2005-08-26,Pedro
Barcelona,1205,2005-03-07,Local,Venta,213,2105079,2005-07-25,Joaquín
Tarragona,1207,2005-03-07,Oficina,Venta,250,1531000,2006-02-09,Joaquín
Girona,1208,2005-03-08,Suelo,Alquiler,236,1449512,2006-02-05,Joaquín
Lleida,1210,2005-03-09,Suelo,Alquiler,247,1504477,2006-01-03,Jesús
Lleida,1216,2005-03-10,Piso,Alquiler,281,2688046,2005-10-24,Luisa
Girona,1218,2005-03-11,Piso,Venta,241,1729416,2005-09-18,Carmen
Barcelona,1219,2005-03-11,Suelo,Venta,251,2234653,2005-08-01,Luisa
Barcelona,1221,2005-03-12,Local,Alquiler,269,2032295,2005-11-27,Joaquín
Tarragona,1222,2005-03-12,Piso,Alquiler,245,1377880,2005-07-10,Joaquín
Lleida,1226,2005-03-14,Piso,Venta,291,1497195,2005-08-17,María
Girona,1230,2005-03-15,Suelo,Venta,268,2422720,2005-11-27,Carmen
Lleida,1235,2005-03-18,Piso,Venta,233,1673173,2005-06-28,Joaquín
Lleida,1240,2005-03-19,Industrial,Alquiler,285,2562435,2005-06-20,Carmen
Barcelona,1244,2005-03-20,Oficina,Alquiler,274,1152718,2005-07-31,Pedro
Girona,1245,2005-03-20,Parking,Venta,276,1477428,2005-11-23,María
Barcelona,1247,2005-03-22,Industrial,Venta,268,1557884,2005-12-09,Luisa
Tarragona,1258,2005-03-25,Casa,Alquiler,241,1248862,2005-08-22,Jesús
Girona,1272,2005-03-30,Suelo,Alquiler,216,1500984,2005-10-23,Joaquín
Girona,1273,2005-03-31,Piso,Venta,283,1599233,2005-11-04,Pedro
Tarragona,1275,2005-04-01,Piso,Alquiler,278,1754180,2005-12-03,Luisa
Lleida,1276,2005-04-02,Industrial,Alquiler,222,1617270,2005-12-04,Luisa
Lleida,1277,2005-04-02,Industrial,Alquiler,285,2232690,2006-01-29,María
Lleida,1280,2005-04-03,Industrial,Alquiler,285,1938000,2005-09-26,Joaquín
Girona,1286,2005-04-05,Parking,Alquiler,297,2872287,2005-09-16,Luisa
Tarragona,1288,2005-04-05,Casa,Alquiler,244,2413648,2006-01-06,María
Tarragona,1289,2005-04-05,Casa,Alquiler,259,1857807,2005-11-07,Luisa
Tarragona,1293,2005-04-06,Industrial,Venta,230,1806650,2005-11-30,Pedro
Girona,1297,2005-04-07,Industrial,Venta,230,1751450,2005-07-07,Jesús
Barcelona,1298,2005-04-08,Industrial,Venta,248,1179488,2005-12-26,Jesús
Girona,1299,2005-04-09,Local,Venta,290,1702590,2006-04-09,Pedro
Tarragona,1301,2005-04-10,Suelo,Venta,299,2531334,2005-12-18,Carmen
Girona,1302,2005-04-11,Casa,Venta,288,2371392,2005-11-17,Luisa
Barcelona,1306,2005-04-14,Casa,Venta,274,2229812,2005-08-26,María
Girona,1307,2005-04-15,Industrial,Venta,264,2589312,2005-07-20,Pedro
Lleida,1310,2005-04-15,Casa,Alquiler,267,1517628,2006-02-14,Carmen
Barcelona,1316,2005-04-17,Piso,Alquiler,223,1795819,2005-08-30,Luisa
Tarragona,1318,2005-04-17,Casa,Alquiler,275,1543850,2005-12-21,María
Lleida,1319,2005-04-18,Casa,Alquiler,281,1727588,2006-04-07,Luisa
Girona,1321,2005-04-18,Local,Alquiler,271,2478566,2005-07-21,Pedro
Lleida,1322,2005-04-18,Local,Venta,245,2396835,2005-08-18,Joaquín
Barcelona,1328,2005-04-20,Parking,Alquiler,273,2306031,2005-09-25,Carmen
Lleida,1330,2005-04-20,Casa,Alquiler,263,2094795,2006-02-12,Carmen
Tarragona,1332,2005-04-21,Parking,Alquiler,281,1619122,2005-09-26,Luisa
Tarragona,1336,2005-04-22,Industrial,Alquiler,266,2583126,2005-12-02,Pedro
Barcelona,1343,2005-04-25,Suelo,Alquiler,269,2292149,2006-01-22,Carmen
Tarragona,1344,2005-04-25,Parking,Venta,285,1500240,2005-08-20,Carmen
Lleida,1348,2005-04-26,Casa,Venta,201,1850004,2006-01-15,Joaquín
Barcelona,1353,2005-04-27,Industrial,Alquiler,269,1702501,2005-12-10,Luisa
Barcelona,1354,2005-04-28,Industrial,Venta,242,2418064,2005-10-24,Jesús
Lleida,1357,2005-04-28,Local,Venta,285,1827420,2006-02-06,Luisa
Tarragona,1358,2005-04-29,Local,Venta,274,2474494,2006-03-25,Carmen
Tarragona,1359,2005-04-29,Parking,Venta,256,1059328,2006-04-17,Jesús
Lleida,1370,2005-05-02,Oficina,Alquiler,240,1270800,2006-04-25,Luisa
Barcelona,1372,2005-05-04,Industrial,Venta,286,2633774,2005-09-01,Carmen
Lleida,1373,2005-05-04,Suelo,Venta,224,2211328,2006-02-23,Pedro
Barcelona,1374,2005-05-04,Local,Venta,214,1287210,2005-12-21,Joaquín
Tarragona,1382,2005-05-06,Parking,Venta,248,1352096,2006-03-14,Jesús
Barcelona,1385,2005-05-08,Parking,Venta,258,2066064,2005-11-25,María
Barcelona,1386,2005-05-08,Casa,Alquiler,245,1244600,2006-01-03,Luisa
Girona,1388,2005-05-08,Casa,Venta,270,2288520,2005-11-02,Joaquín
Girona,1389,2005-05-08,Parking,Venta,203,1892772,2006-03-26,María
Girona,1392,2005-05-09,Suelo,Alquiler,235,1046925,2005-12-05,Carmen
Barcelona,1394,2005-05-09,Casa,Venta,254,2011934,2006-03-04,Jesús
Girona,1395,2005-05-10,Local,Venta,252,1923264,2005-09-21,Carmen
Lleida,1396,2005-05-10,Industrial,Alquiler,292,1177052,2006-04-30,Jesús
Lleida,1397,2005-05-10,Local,Alquiler,223,1623217,2005-08-12,Luisa
Barcelona,1401,2005-05-13,Casa,Venta,280,2349200,2006-04-13,Pedro
Girona,1403,2005-05-14,Suelo,Alquiler,254,2417572,2005-09-20,María
Tarragona,1407,2005-05-16,Oficina,Venta,233,1864000,2005-12-06,Luisa
Lleida,1409,2005-05-16,Industrial,Venta,206,1733696,2005-09-16,Pedro
Girona,1412,2005-05-18,Industrial,Alquiler,233,2120067,2006-02-24,Jesús
Tarragona,1414,2005-05-21,Piso,Alquiler,209,1206766,2005-11-09,Joaquín
Tarragona,1417,2005-05-21,Piso,Venta,262,1137866,2005-10-23,Joaquín
Barcelona,1419,2005-05-21,Industrial,Alquiler,244,1300276,2006-03-21,Joaquín
Girona,1422,2005-05-22,Parking,Alquiler,282,1132230,2006-03-20,Pedro
Tarragona,1423,2005-05-23,Parking,Alquiler,280,1240400,2005-11-04,Jesús
Girona,1427,2005-05-24,Parking,Alquiler,223,2228439,2005-09-17,Carmen
Barcelona,1431,2005-05-25,Piso,Venta,208,1792128,2006-04-15,Jesús
Tarragona,1433,2005-05-26,Industrial,Alquiler,273,1610973,2006-03-21,Pedro
Barcelona,1437,2005-05-27,Industrial,Venta,261,1435239,2006-03-22,Joaquín
Girona,1439,2005-05-28,Industrial,Venta,233,1306664,2005-10-30,Luisa
Girona,1440,2005-05-28,Parking,Venta,255,1504755,2005-10-31,Luisa
Tarragona,1441,2005-05-29,Industrial,Alquiler,249,2116251,2006-01-14,Carmen
Barcelona,1451,2005-06-02,Suelo,Venta,269,1779435,2006-05-18,Jesús
Lleida,1453,2005-06-04,Suelo,Alquiler,258,1687836,2006-03-25,María
Tarragona,1456,2005-06-05,Oficina,Venta,223,2190752,2006-04-24,Joaquín
Girona,1458,2005-06-05,Parking,Venta,277,1691085,2005-11-19,Pedro
Girona,1460,2005-06-06,Oficina,Alquiler,228,1039452,2006-01-11,Carmen
Lleida,1467,2005-06-09,Casa,Venta,299,2333097,2005-09-15,María
Tarragona,1470,2005-06-09,Industrial,Alquiler,274,2690954,2006-05-17,Joaquín
Barcelona,1473,2005-06-10,Piso,Venta,213,1955340,2006-04-23,Jesús
Tarragona,1474,2005-06-11,Casa,Alquiler,269,2549313,2006-02-20,Carmen
Lleida,1476,2005-06-11,Parking,Alquiler,248,2172232,2005-09-20,Pedro
Tarragona,1478,2005-06-12,Casa,Alquiler,229,1504301,2006-04-08,Joaquín
Tarragona,1481,2005-06-13,Local,Alquiler,261,1344933,2005-09-24,Pedro
Barcelona,1484,2005-06-13,Parking,Alquiler,282,2677590,2006-04-08,Luisa
Tarragona,1493,2005-06-16,Industrial,Alquiler,250,1001750,2005-11-23,Joaquín
Tarragona,1494,2005-06-17,Suelo,Alquiler,201,1471320,2006-03-11,Carmen
Lleida,1496,2005-06-18,Suelo,Venta,278,2520904,2006-05-12,Luisa
Girona,1506,2005-06-22,Suelo,Alquiler,256,2512640,2006-03-16,Jesús
Girona,1508,2005-06-22,Casa,Venta,274,2594780,2006-02-23,María
Girona,1509,2005-06-22,Piso,Venta,244,2180628,2006-02-05,Pedro
Lleida,1511,2005-06-23,Piso,Venta,213,1587063,2006-02-02,Carmen
Girona,1512,2005-06-23,Casa,Alquiler,261,2419209,2006-05-25,María
Tarragona,1525,2005-06-30,Local,Venta,252,2283372,2006-02-12,Carmen
Girona,1528,2005-06-30,Oficina,Alquiler,204,1132608,2005-11-12,María
Lleida,1531,2005-07-01,Local,Venta,251,2325766,2005-10-20,Joaquín
Girona,1532,2005-07-01,Piso,Alquiler,260,1542580,2006-05-03,Luisa
Barcelona,1534,2005-07-02,Local,Alquiler,217,1742293,2006-04-13,Pedro
Tarragona,1540,2005-07-05,Suelo,Alquiler,227,2223919,2005-11-19,Joaquín
Tarragona,1542,2005-07-06,Industrial,Venta,243,2401083,2006-04-08,Joaquín
Barcelona,1547,2005-07-07,Piso,Venta,214,1258534,2006-01-27,María
Barcelona,1561,2005-07-15,Casa,Alquiler,291,1823406,2006-05-02,Pedro
Girona,1563,2005-07-15,Suelo,Venta,206,1881810,2006-07-10,Joaquín
Lleida,1564,2005-07-15,Parking,Venta,240,1983840,2005-10-18,Pedro
Tarragona,1567,2005-07-16,Oficina,Alquiler,296,2057496,2005-11-13,Jesús
Lleida,1568,2005-07-17,Piso,Alquiler,210,2005080,2006-04-25,Pedro
Tarragona,1569,2005-07-17,Oficina,Alquiler,273,2202837,2006-06-27,María
Barcelona,1572,2005-07-18,Local,Alquiler,300,1716300,2006-04-21,María
Barcelona,1573,2005-07-18,Local,Venta,202,1271388,2006-01-10,Joaquín
Barcelona,1574,2005-07-18,Piso,Alquiler,203,1699719,2006-01-10,Jesús
Barcelona,1575,2005-07-19,Industrial,Venta,275,1620575,2006-02-18,Joaquín
Lleida,1576,2005-07-20,Piso,Alquiler,298,2207286,2006-07-09,Pedro
Tarragona,1577,2005-07-20,Piso,Alquiler,288,1186560,2005-11-05,Luisa
Tarragona,1581,2005-07-21,Suelo,Alquiler,233,2224917,2005-10-27,Jesús
Lleida,1582,2005-07-21,Parking,Alquiler,297,2463021,2006-03-13,María
Girona,1583,2005-07-22,Suelo,Alquiler,300,1832100,2006-05-02,Carmen
Girona,1585,2005-07-22,Casa,Venta,203,1026774,2006-07-04,Pedro
Tarragona,1586,2005-07-22,Industrial,Venta,291,1447434,2006-02-02,María
Girona,1588,2005-07-23,Local,Alquiler,245,2170945,2006-05-14,Jesús
Lleida,1589,2005-07-23,Casa,Venta,287,1607487,2005-11-01,Carmen
Tarragona,1591,2005-07-24,Parking,Venta,255,1627920,2006-03-12,Jesús
Barcelona,1592,2005-07-24,Parking,Venta,207,1107864,2006-05-15,Luisa
Barcelona,1596,2005-07-25,Suelo,Alquiler,264,2133120,2006-01-26,María
Lleida,1597,2005-07-26,Parking,Venta,256,1656064,2006-02-02,Pedro
Girona,1599,2005-07-26,Suelo,Alquiler,245,1311730,2006-01-06,Pedro
Barcelona,1605,2005-07-30,Casa,Alquiler,260,1301560,2005-12-29,Carmen
Barcelona,1606,2005-07-31,Piso,Alquiler,211,1951328,2006-01-03,Luisa
Lleida,1610,2005-08-01,Piso,Venta,245,2292465,2006-06-10,Carmen
Lleida,1612,2005-08-03,Oficina,Venta,275,2110900,2006-07-24,Pedro
Girona,1619,2005-08-04,Casa,Alquiler,222,1477410,2006-05-06,María
Girona,1621,2005-08-04,Casa,Venta,286,1658800,2005-11-27,María
Tarragona,1622,2005-08-04,Industrial,Venta,233,1782683,2006-07-28,Pedro
Barcelona,1627,2005-08-06,Parking,Venta,245,1202705,2005-12-10,Jesús
Girona,1628,2005-08-06,Parking,Venta,297,2440449,2006-08-03,Carmen
Barcelona,1631,2005-08-07,Local,Alquiler,300,1900200,2005-12-09,Pedro
Lleida,1633,2005-08-07,Suelo,Venta,201,1522977,2005-11-24,Carmen
Barcelona,1635,2005-08-08,Piso,Alquiler,250,1669250,2006-01-04,María
Girona,1636,2005-08-08,Suelo,Venta,224,1448384,2005-12-20,Joaquín
Lleida,1639,2005-08-09,Parking,Venta,300,2155200,2006-08-05,Jesús
Lleida,1642,2005-08-10,Industrial,Venta,276,2667816,2005-12-16,Joaquín
Barcelona,1644,2005-08-10,Local,Venta,269,2384954,2006-02-12,María
Tarragona,1647,2005-08-12,Local,Venta,297,2888325,2005-11-27,Pedro
Barcelona,1658,2005-08-16,Parking,Alquiler,232,1643256,2006-02-22,María
Barcelona,1659,2005-08-16,Suelo,Alquiler,221,1069640,2006-06-01,Joaquín
Lleida,1660,2005-08-16,Suelo,Alquiler,212,1926868,2005-11-24,Carmen
Girona,1664,2005-08-19,Oficina,Venta,272,2233120,2005-12-13,Luisa
Lleida,1665,2005-08-19,Industrial,Alquiler,238,2275994,2006-06-15,Joaquín
Girona,1669,2005-08-23,Oficina,Alquiler,203,1933372,2006-01-31,Jesús
Tarragona,1670,2005-08-23,Local,Venta,263,1499889,2006-08-08,Pedro
Tarragona,1671,2005-08-24,Industrial,Venta,236,1707224,2006-02-05,Pedro
Girona,1672,2005-08-25,Oficina,Venta,227,1789214,2005-12-02,Joaquín
Lleida,1673,2005-08-26,Industrial,Venta,223,1509710,2006-01-11,Jesús
Girona,1674,2005-08-26,Casa,Venta,242,2290046,2006-01-24,María
Tarragona,1675,2005-08-26,Piso,Alquiler,216,2045304,2006-04-09,Jesús
Tarragona,1676,2005-08-27,Oficina,Venta,239,2181353,2006-06-15,María
Lleida,1677,2005-08-27,Industrial,Venta,300,2625600,2006-01-08,María
Girona,1681,2005-08-28,Casa,Venta,284,1459192,2006-07-02,María
Girona,1682,2005-08-28,Casa,Alquiler,265,1441070,2006-08-04,Jesús
Girona,1684,2005-08-28,Industrial,Alquiler,224,1932448,2006-02-03,Carmen
Barcelona,1685,2005-08-28,Piso,Alquiler,254,1191260,2006-07-27,Pedro
Lleida,1688,2005-08-29,Piso,Alquiler,252,1923516,2006-05-23,Pedro
Lleida,1693,2005-08-30,Suelo,Venta,233,2171327,2006-01-09,Jesús
Girona,1694,2005-08-31,Local,Venta,275,1826825,2006-05-14,Jesús
Girona,1695,2005-08-31,Casa,Alquiler,248,1234048,2006-02-28,Jesús
Barcelona,1698,2005-09-02,Industrial,Alquiler,213,1333593,2006-04-06,Jesús
Barcelona,1699,2005-09-03,Industrial,Alquiler,202,1558430,2006-01-26,Jesús
Barcelona,1701,2005-09-03,Piso,Venta,245,1517285,2006-05-07,Luisa
Lleida,1703,2005-09-06,Industrial,Venta,288,2171520,2006-08-28,Carmen
Tarragona,1706,2005-09-06,Industrial,Alquiler,261,2026404,2006-02-05,Carmen
Tarragona,1708,2005-09-07,Casa,Alquiler,205,1762180,2006-05-14,Jesús
Barcelona,1710,2005-09-07,Local,Venta,272,2074000,2006-08-14,Joaquín
Barcelona,1711,2005-09-08,Local,Venta,299,1424436,2006-01-17,Carmen
Girona,1713,2005-09-09,Piso,Venta,201,1333434,2006-02-17,María
Barcelona,1718,2005-09-09,Local,Venta,218,1911424,2006-07-22,Carmen
Barcelona,1720,2005-09-10,Local,Venta,254,1668526,2005-12-29,Carmen
Tarragona,1722,2005-09-10,Piso,Alquiler,250,2478000,2006-04-27,Carmen
Tarragona,1724,2005-09-10,Parking,Venta,270,1798470,2006-03-02,Joaquín
Tarragona,1727,2005-09-11,Industrial,Venta,271,2028164,2006-01-07,María
Tarragona,1728,2005-09-11,Piso,Alquiler,240,1602720,2006-06-03,Joaquín
Tarragona,1731,2005-09-12,Parking,Venta,223,2143922,2006-04-20,Jesús
Girona,1735,2005-09-14,Parking,Alquiler,258,1430352,2006-01-14,María
Girona,1743,2005-09-17,Casa,Venta,292,2630336,2006-01-08,Joaquín
Girona,1747,2005-09-20,Piso,Alquiler,240,2183760,2006-01-27,Jesús
Girona,1751,2005-09-21,Parking,Alquiler,258,1758786,2006-02-24,Jesús
Tarragona,1759,2005-09-25,Casa,Venta,232,2133472,2006-05-18,Carmen
Lleida,1761,2005-09-26,Piso,Venta,214,1689316,2006-01-17,Carmen
Barcelona,1766,2005-09-29,Oficina,Venta,231,2299374,2006-05-15,Jesús
Tarragona,1771,2005-10-01,Local,Alquiler,285,1779825,2006-02-28,María
Tarragona,1776,2005-10-01,Parking,Venta,229,2215117,2006-08-01,Jesús
Girona,1777,2005-10-02,Local,Venta,279,1512738,2006-07-08,Luisa
Barcelona,1778,2005-10-02,Local,Alquiler,204,1929228,2006-05-14,Pedro
Barcelona,1782,2005-10-02,Casa,Alquiler,258,1146552,2006-07-26,Luisa
Lleida,1783,2005-10-03,Piso,Venta,300,1506300,2006-04-24,Pedro
Tarragona,1787,2005-10-03,Parking,Venta,299,2669472,2006-06-10,Joaquín
Girona,1790,2005-10-04,Local,Venta,238,2184364,2006-08-11,Luisa
Girona,1791,2005-10-04,Oficina,Alquiler,228,1747392,2006-05-24,Carmen
Barcelona,1793,2005-10-05,Casa,Alquiler,274,1753052,2006-02-28,Joaquín
Barcelona,1795,2005-10-05,Oficina,Venta,224,1420160,2006-05-03,Jesús
Girona,1796,2005-10-06,Casa,Alquiler,208,1811680,2006-05-31,Jesús
Barcelona,1798,2005-10-06,Local,Alquiler,211,1522998,2006-06-02,Luisa
Lleida,1799,2005-10-06,Oficina,Alquiler,289,2249576,2006-06-18,Carmen
Lleida,1803,2005-10-07,Casa,Venta,253,2378453,2006-09-10,Luisa
Barcelona,1805,2005-10-07,Suelo,Venta,242,1963104,2006-07-19,Pedro
Tarragona,1806,2005-10-08,Industrial,Venta,264,1133352,2006-02-02,Pedro
Girona,1807,2005-10-09,Local,Alquiler,211,1244056,2006-09-01,María
Lleida,1811,2005-10-12,Oficina,Venta,215,1473180,2006-05-12,Pedro
Girona,1813,2005-10-12,Local,Alquiler,246,2010312,2006-02-21,María
Lleida,1818,2005-10-13,Local,Venta,255,2063460,2006-05-25,Luisa
Lleida,1819,2005-10-13,Casa,Venta,245,1605730,2006-06-20,Pedro
Girona,1821,2005-10-14,Casa,Alquiler,207,1556226,2006-06-21,Carmen
Barcelona,1823,2005-10-15,Parking,Alquiler,271,2334123,2006-08-02,Joaquín
Lleida,1824,2005-10-15,Local,Alquiler,257,2136184,2006-04-18,Jesús
Girona,1825,2005-10-15,Piso,Venta,262,2390750,2006-03-11,Pedro
Barcelona,1828,2005-10-16,Local,Venta,214,1687604,2006-01-22,Luisa
Lleida,1830,2005-10-17,Oficina,Venta,202,1867692,2006-03-06,Jesús
Lleida,1832,2005-10-18,Piso,Alquiler,211,1284568,2006-08-26,Carmen
Tarragona,1838,2005-10-20,Suelo,Alquiler,214,1642664,2006-08-29,Luisa
Girona,1839,2005-10-21,Casa,Alquiler,258,2475510,2006-06-28,Jesús
Barcelona,1840,2005-10-22,Suelo,Alquiler,276,1544496,2006-05-12,Carmen
Lleida,1842,2005-10-22,Industrial,Venta,254,2299208,2006-09-05,Pedro
Lleida,1846,2005-10-26,Local,Alquiler,205,1597360,2006-10-15,Carmen
Girona,1848,2005-10-27,Oficina,Venta,266,1327606,2006-05-02,María
Barcelona,1853,2005-10-28,Industrial,Alquiler,224,1422624,2006-03-12,Luisa
Barcelona,1854,2005-10-28,Suelo,Venta,249,1878954,2006-10-28,Luisa
Girona,1856,2005-10-29,Casa,Venta,284,2467960,2006-04-25,Pedro
Lleida,1857,2005-10-30,Local,Venta,254,2394204,2006-08-19,María
Girona,1859,2005-10-31,Casa,Alquiler,216,1883088,2006-10-18,Pedro
Girona,1860,2005-11-01,Oficina,Alquiler,213,2083779,2006-04-23,María
Lleida,1861,2005-11-02,Suelo,Venta,228,1944840,2006-10-10,María
Barcelona,1862,2005-11-02,Parking,Venta,249,2221329,2006-05-12,Pedro
Girona,1869,2005-11-04,Piso,Venta,259,1074332,2006-02-09,Joaquín
Girona,1872,2005-11-05,Industrial,Alquiler,233,1644747,2006-05-05,Carmen
Barcelona,1884,2005-11-10,Local,Alquiler,246,2216214,2006-04-17,María
Tarragona,1885,2005-11-12,Suelo,Venta,225,1300500,2006-07-24,Carmen
Girona,1886,2005-11-12,Oficina,Alquiler,273,2333058,2006-03-05,Joaquín
Tarragona,1890,2005-11-13,Oficina,Venta,251,2070750,2006-09-03,Carmen
Lleida,1895,2005-11-14,Suelo,Venta,280,1720320,2006-04-05,María
Tarragona,1900,2005-11-16,Local,Venta,277,1116587,2006-10-01,Carmen
Tarragona,1904,2005-11-19,Oficina,Venta,220,1601600,2006-05-05,Luisa
Tarragona,1913,2005-11-22,Industrial,Alquiler,287,1926344,2006-06-18,María
Lleida,1916,2005-11-22,Oficina,Venta,263,2323868,2006-05-25,Pedro
Girona,1920,2005-11-23,Suelo,Venta,243,2347137,2006-07-19,María
Tarragona,1922,2005-11-24,Casa,Venta,223,1360523,2006-03-02,Jesús
Tarragona,1923,2005-11-24,Suelo,Alquiler,287,1276289,2006-04-19,María
Tarragona,1924,2005-11-25,Parking,Alquiler,295,2613405,2006-11-23,Carmen
Barcelona,1925,2005-11-25,Industrial,Alquiler,276,1817736,2006-09-14,Joaquín
Tarragona,1930,2005-11-26,Industrial,Alquiler,276,1539252,2006-09-20,Pedro
Tarragona,1931,2005-11-27,Casa,Alquiler,288,1228320,2006-09-23,Jesús
Barcelona,1936,2005-11-28,Piso,Venta,249,1780350,2006-03-14,Luisa
Lleida,1943,2005-12-01,Oficina,Venta,289,1406563,2006-08-10,Jesús
Girona,1944,2005-12-01,Local,Alquiler,210,1527120,2006-06-17,Jesús
Lleida,1945,2005-12-03,Local,Venta,264,1545720,2006-06-09,Luisa
Barcelona,1946,2005-12-03,Piso,Alquiler,264,2147112,2006-05-10,Joaquín
Girona,1953,2005-12-06,Parking,Alquiler,250,2103000,2006-09-13,Jesús
Lleida,1954,2005-12-06,Industrial,Venta,264,1346136,2006-10-25,Joaquín
Girona,1956,2005-12-07,Industrial,Venta,202,1028382,2006-05-07,Pedro
Barcelona,1957,2005-12-08,Oficina,Alquiler,293,2868470,2006-03-18,Luisa
Lleida,1958,2005-12-09,Parking,Alquiler,296,1536832,2006-08-22,Joaquín
Tarragona,1959,2005-12-09,Casa,Venta,203,1002211,2006-10-04,María
Tarragona,1960,2005-12-09,Industrial,Venta,287,2446962,2006-11-10,María
Barcelona,1962,2005-12-11,Suelo,Venta,238,2203166,2006-05-01,Carmen
Lleida,1967,2005-12-14,Casa,Venta,216,2046384,2006-07-03,Pedro
Lleida,1968,2005-12-15,Local,Venta,218,1732446,2006-10-05,Jesús
Barcelona,1969,2005-12-16,Piso,Venta,259,1842785,2006-07-19,María
Tarragona,1977,2005-12-18,Local,Alquiler,207,1395387,2006-05-18,Luisa
Barcelona,1979,2005-12-20,Industrial,Alquiler,238,2136288,2006-09-01,María
Lleida,1980,2005-12-20,Local,Venta,281,2671748,2006-12-18,Carmen
Barcelona,1982,2005-12-21,Piso,Venta,248,1036392,2006-12-03,Luisa
Barcelona,1983,2005-12-21,Suelo,Alquiler,243,2390634,2006-06-26,Luisa
Tarragona,1985,2005-12-21,Piso,Venta,289,2789428,2006-04-29,Pedro
Girona,1988,2005-12-22,Industrial,Alquiler,210,1770930,2006-04-20,María
Barcelona,1989,2005-12-22,Casa,Venta,276,2548584,2006-10-13,Jesús
Tarragona,1990,2005-12-22,Suelo,Alquiler,203,2021880,2006-04-29,Joaquín
Tarragona,1991,2005-12-22,Oficina,Venta,274,2456958,2006-10-03,Jesús
Girona,1993,2005-12-23,Local,Venta,299,2110342,2006-04-13,Jesús
Barcelona,1995,2005-12-23,Local,Alquiler,267,2263626,2006-07-04,Pedro
Tarragona,1997,2005-12-23,Casa,Venta,206,1058840,2006-04-02,Jesús
Tarragona,1998,2005-12-24,Local,Venta,264,2303928,2006-04-17,Luisa
Tarragona,1999,2005-12-24,Piso,Venta,243,1693710,2006-05-23,Pedro
Barcelona,2001,2005-12-25,Suelo,Venta,265,1348055,2006-07-19,Joaquín
Barcelona,2002,2005-12-25,Casa,Venta,283,1653852,2006-08-28,María
Tarragona,2003,2005-12-26,Piso,Alquiler,300,1432500,2006-06-21,María
Girona,2006,2005-12-27,Parking,Venta,272,1774528,2006-06-21,Jesús
Barcelona,2008,2005-12-27,Casa,Alquiler,221,1401361,2006-03-30,Jesús
Lleida,2011,2005-12-28,Oficina,Venta,259,1555813,2006-09-17,Carmen
Girona,2014,2005-12-30,Oficina,Alquiler,227,2029607,2006-10-20,Carmen
Girona,2015,2005-12-30,Parking,Venta,262,1407726,2006-11-01,María
Girona,2016,2005-12-31,Casa,Alquiler,284,2815292,2006-12-07,Jesús
Barcelona,2017,2005-12-31,Parking,Alquiler,202,1329968,2006-10-22,María
Tarragona,2019,2006-01-01,Parking,Alquiler,204,1347420,2006-07-13,Jesús
Girona,2024,2006-01-02,Casa,Alquiler,271,2471249,2006-04-04,Joaquín
Lleida,2025,2006-01-02,Local,Alquiler,277,1499678,2006-11-03,Luisa
Barcelona,2026,2006-01-03,Oficina,Alquiler,216,1109808,2006-06-24,Joaquín
Barcelona,2030,2006-01-03,Casa,Alquiler,229,2219468,2006-07-12,Luisa
Lleida,2031,2006-01-03,Parking,Venta,233,1450425,2006-07-16,Luisa
Lleida,2035,2006-01-05,Industrial,Venta,289,1809140,2006-09-12,Joaquín
Barcelona,2038,2006-01-06,Local,Alquiler,283,2107784,2006-04-19,María
Lleida,2040,2006-01-07,Oficina,Alquiler,207,2014110,2006-11-01,Joaquín
Girona,2043,2006-01-08,Casa,Alquiler,280,2346400,2006-05-07,María
Girona,2046,2006-01-09,Industrial,Alquiler,256,2331648,2006-11-26,Luisa
Barcelona,2047,2006-01-09,Piso,Alquiler,249,2053005,2006-07-24,Luisa
Barcelona,2049,2006-01-10,Casa,Venta,275,1856525,2006-09-04,Jesús
Tarragona,2054,2006-01-11,Oficina,Venta,247,1568697,2006-05-14,Luisa
Barcelona,2055,2006-01-11,Industrial,Alquiler,271,1196465,2006-08-05,Jesús
Girona,2056,2006-01-12,Piso,Alquiler,289,2462280,2007-01-05,Jesús
Barcelona,2060,2006-01-13,Oficina,Venta,207,1437408,2006-08-21,María
Lleida,2061,2006-01-13,Suelo,Venta,261,1615851,2006-12-25,Jesús
Barcelona,2063,2006-01-13,Suelo,Venta,274,1450556,2006-09-03,María
Lleida,2068,2006-01-14,Local,Alquiler,255,2494410,2006-11-22,Luisa
Barcelona,2070,2006-01-15,Suelo,Venta,245,2399040,2006-05-31,Joaquín
Lleida,2071,2006-01-15,Oficina,Alquiler,272,2487712,2006-04-25,Carmen
Girona,2073,2006-01-15,Casa,Venta,239,2030783,2006-12-16,María
Lleida,2075,2006-01-16,Local,Venta,209,1355365,2006-07-01,Joaquín
Barcelona,2076,2006-01-17,Piso,Venta,267,1074675,2006-10-20,Carmen
Lleida,2077,2006-01-17,Industrial,Alquiler,246,2398008,2006-05-22,Jesús
Barcelona,2079,2006-01-17,Industrial,Alquiler,221,1411969,2006-07-26,Pedro
Girona,2080,2006-01-18,Suelo,Venta,234,2049606,2006-04-21,María
Girona,2083,2006-01-19,Piso,Venta,267,2245203,2006-07-28,María
Girona,2085,2006-01-19,Industrial,Venta,296,2387832,2006-06-28,María
Girona,2086,2006-01-20,Local,Alquiler,256,1428480,2006-06-26,Pedro
Barcelona,2087,2006-01-20,Parking,Alquiler,265,2119735,2006-10-15,Pedro
Tarragona,2093,2006-01-23,Industrial,Alquiler,293,1182841,2006-06-15,María
Tarragona,2101,2006-01-24,Piso,Venta,220,1522840,2006-05-02,María
Tarragona,2103,2006-01-25,Casa,Alquiler,229,1447509,2006-04-29,Joaquín
Barcelona,2104,2006-01-25,Oficina,Venta,223,1970874,2006-06-08,Joaquín
Lleida,2105,2006-01-25,Oficina,Alquiler,237,1438827,2006-05-12,Pedro
Tarragona,2106,2006-01-25,Parking,Alquiler,212,1440540,2006-10-10,Jesús
Barcelona,2110,2006-01-26,Suelo,Alquiler,273,1528254,2006-06-15,Pedro
Lleida,2111,2006-01-26,Oficina,Venta,261,2233899,2006-10-29,Luisa
Lleida,2113,2006-01-26,Oficina,Venta,258,2111472,2006-05-31,Joaquín
Tarragona,2115,2006-01-28,Casa,Alquiler,254,1713992,2006-07-08,Pedro
Tarragona,2116,2006-01-28,Parking,Alquiler,294,1355046,2006-10-02,Jesús
Lleida,2118,2006-01-29,Industrial,Venta,246,1285842,2006-08-09,Jesús
Barcelona,2126,2006-02-01,Piso,Venta,252,2381400,2006-06-13,María
Lleida,2128,2006-02-02,Parking,Venta,264,2181432,2006-12-25,María
Barcelona,2129,2006-02-02,Casa,Alquiler,234,1286766,2006-10-12,Luisa
Tarragona,2131,2006-02-02,Oficina,Alquiler,288,1820448,2006-11-13,Joaquín
Tarragona,2132,2006-02-03,Suelo,Alquiler,210,1482810,2006-11-23,Carmen
Lleida,2134,2006-02-03,Parking,Venta,235,2290545,2006-08-22,Carmen
Tarragona,2135,2006-02-04,Industrial,Alquiler,283,1709037,2006-07-14,Carmen
Tarragona,2137,2006-02-04,Local,Venta,216,1204200,2007-01-17,Joaquín
Tarragona,2144,2006-02-07,Piso,Alquiler,218,1677728,2006-05-19,Pedro
Tarragona,2148,2006-02-07,Oficina,Alquiler,206,1747292,2006-06-11,Carmen
Barcelona,2150,2006-02-08,Industrial,Alquiler,211,1155436,2006-12-27,Pedro
Barcelona,2152,2006-02-09,Piso,Venta,293,1298869,2006-07-11,Jesús
Barcelona,2153,2006-02-09,Parking,Venta,227,2001232,2006-12-06,María
Girona,2155,2006-02-09,Industrial,Alquiler,252,1949220,2006-10-20,Carmen
Tarragona,2156,2006-02-09,Industrial,Alquiler,259,1627556,2006-05-30,María
Tarragona,2157,2006-02-10,Casa,Venta,254,1522222,2007-02-05,María
Barcelona,2159,2006-02-11,Oficina,Venta,233,1157544,2006-06-10,Jesús
Lleida,2161,2006-02-12,Parking,Venta,210,1511160,2006-10-21,Luisa
Tarragona,2169,2006-02-15,Suelo,Venta,227,2069786,2006-10-16,Luisa
Lleida,2172,2006-02-16,Industrial,Alquiler,201,1733022,2006-09-08,Pedro
Tarragona,2173,2006-02-16,Oficina,Venta,279,2331324,2006-08-02,Joaquín
Tarragona,2176,2006-02-16,Suelo,Alquiler,276,1302720,2006-11-09,María
Girona,2178,2006-02-17,Industrial,Venta,271,2108109,2006-12-24,Pedro
Barcelona,2186,2006-02-20,Parking,Alquiler,228,1815336,2006-06-10,Jesús
Girona,2188,2006-02-20,Oficina,Venta,245,1660120,2006-11-26,Pedro
Girona,2189,2006-02-20,Local,Venta,271,1647409,2007-01-12,Pedro
Tarragona,2190,2006-02-20,Piso,Venta,217,1912638,2006-10-22,Luisa
Lleida,2192,2006-02-21,Casa,Venta,249,1307250,2006-11-20,Luisa
Barcelona,2193,2006-02-21,Parking,Alquiler,260,2470000,2006-05-27,Luisa
Girona,2200,2006-02-23,Casa,Venta,272,1586032,2007-01-23,María
Barcelona,2201,2006-02-24,Industrial,Alquiler,257,1598283,2007-02-03,Luisa
Barcelona,2207,2006-02-28,Casa,Venta,281,2577332,2006-07-03,Carmen
Tarragona,2209,2006-03-01,Oficina,Venta,296,1761200,2007-02-13,Joaquín
Lleida,2210,2006-03-01,Local,Alquiler,240,1706400,2006-08-29,Pedro
Barcelona,2212,2006-03-01,Local,Venta,287,1351196,2006-06-18,Jesús
Girona,2214,2006-03-02,Industrial,Venta,249,1882440,2006-12-16,Carmen
Barcelona,2218,2006-03-03,Casa,Alquiler,243,1918728,2006-07-26,Luisa
Girona,2221,2006-03-04,Parking,Alquiler,269,1908286,2007-01-29,Jesús
Girona,2222,2006-03-04,Industrial,Venta,201,1929198,2006-08-16,María
Barcelona,2224,2006-03-05,Parking,Venta,293,1996209,2006-07-26,Jesús
Tarragona,2225,2006-03-05,Suelo,Venta,243,1552041,2006-12-03,Luisa
Girona,2231,2006-03-07,Industrial,Alquiler,223,1510825,2006-06-19,Luisa
Barcelona,2232,2006-03-07,Parking,Venta,227,2257515,2007-02-06,Luisa
Tarragona,2237,2006-03-08,Industrial,Venta,248,1460224,2007-01-26,María
Lleida,2238,2006-03-08,Casa,Alquiler,217,1659833,2007-03-01,Luisa
Tarragona,2239,2006-03-09,Oficina,Alquiler,272,1705712,2006-06-19,Joaquín
Girona,2241,2006-03-11,Suelo,Alquiler,258,1930614,2006-07-07,Joaquín
Girona,2246,2006-03-13,Industrial,Alquiler,240,2175360,2006-09-07,Luisa
Tarragona,2247,2006-03-13,Industrial,Alquiler,214,1331936,2006-12-04,Joaquín
Girona,2249,2006-03-14,Suelo,Venta,229,1243699,2007-02-11,María
Girona,2251,2006-03-15,Casa,Alquiler,283,1219730,2006-07-26,Pedro
Tarragona,2253,2006-03-16,Piso,Venta,258,1646556,2006-11-30,Carmen
Girona,2259,2006-03-19,Oficina,Alquiler,286,1413698,2007-03-15,Carmen
Tarragona,2263,2006-03-20,Casa,Alquiler,220,1550780,2006-10-21,Carmen
Lleida,2264,2006-03-20,Industrial,Alquiler,274,1456858,2006-07-28,Pedro
Girona,2266,2006-03-21,Oficina,Venta,290,2797050,2006-10-02,Luisa
Girona,2271,2006-03-23,Local,Alquiler,225,1501650,2006-06-22,Jesús
Barcelona,2276,2006-03-26,Casa,Alquiler,235,2145315,2007-02-09,Joaquín
Girona,2277,2006-03-26,Oficina,Venta,263,2034042,2006-09-08,Carmen
Tarragona,2278,2006-03-26,Oficina,Alquiler,294,2427558,2007-01-30,Pedro
Tarragona,2280,2006-03-28,Parking,Alquiler,290,1442460,2007-01-28,Carmen
Barcelona,2281,2006-03-28,Suelo,Alquiler,254,1558036,2007-03-15,María
Tarragona,2287,2006-03-30,Suelo,Venta,230,1690730,2006-11-15,Carmen
Girona,2291,2006-03-31,Piso,Venta,283,1227937,2006-12-31,Joaquín
Barcelona,2292,2006-03-31,Suelo,Venta,295,1490930,2007-03-14,Joaquín
Lleida,2308,2006-04-05,Local,Alquiler,261,2598516,2006-08-29,Carmen
Tarragona,2309,2006-04-05,Parking,Venta,298,2236490,2007-01-07,Joaquín
Girona,2312,2006-04-07,Parking,Alquiler,261,1189377,2006-09-19,Jesús
Barcelona,2314,2006-04-07,Suelo,Alquiler,234,1475136,2006-09-18,Carmen
Lleida,2331,2006-04-12,Parking,Venta,224,1901536,2007-03-23,Joaquín
Barcelona,2334,2006-04-13,Industrial,Venta,288,1781568,2006-09-24,María
Girona,2335,2006-04-14,Oficina,Venta,265,1944570,2006-09-27,Luisa
Girona,2341,2006-04-17,Piso,Venta,220,1282820,2006-11-25,Carmen
Lleida,2342,2006-04-17,Suelo,Venta,244,1386164,2007-03-27,María
Tarragona,2352,2006-04-22,Local,Venta,252,1690164,2006-11-16,María
Barcelona,2355,2006-04-22,Casa,Venta,289,1504823,2006-10-31,Luisa
Girona,2358,2006-04-23,Suelo,Venta,287,1567020,2006-08-17,Carmen
Tarragona,2360,2006-04-25,Piso,Alquiler,212,1203524,2007-04-14,Luisa
Barcelona,2361,2006-04-26,Local,Venta,218,2136182,2007-01-14,Luisa
Tarragona,2363,2006-04-27,Parking,Alquiler,286,2398682,2006-08-06,Joaquín
Tarragona,2365,2006-04-28,Local,Alquiler,279,1794807,2006-11-18,Luisa
Tarragona,2366,2006-04-28,Parking,Alquiler,270,1716390,2006-11-22,Jesús
Tarragona,2367,2006-04-29,Local,Venta,243,2047761,2006-10-12,María
Lleida,2371,2006-04-29,Suelo,Venta,270,2364390,2007-04-02,Luisa
Girona,2372,2006-04-30,Local,Alquiler,220,1548800,2006-10-04,María
Lleida,2374,2006-05-01,Piso,Venta,239,1264310,2007-02-15,Carmen
Tarragona,2376,2006-05-01,Casa,Alquiler,296,2813776,2006-10-22,Luisa
Barcelona,2378,2006-05-02,Local,Venta,292,1538256,2007-05-01,Jesús
Barcelona,2379,2006-05-02,Piso,Venta,233,1220454,2007-04-18,Carmen
Tarragona,2380,2006-05-02,Piso,Alquiler,238,1953742,2006-12-19,Joaquín
Girona,2381,2006-05-02,Parking,Venta,205,1921260,2006-12-17,María
Girona,2383,2006-05-03,Industrial,Alquiler,250,1002500,2007-01-16,Carmen
Girona,2387,2006-05-04,Casa,Venta,294,1784580,2007-01-28,Luisa
Girona,2389,2006-05-05,Local,Alquiler,250,2281250,2007-03-08,Luisa
Lleida,2390,2006-05-05,Casa,Venta,290,1853390,2007-05-01,Luisa
Barcelona,2391,2006-05-08,Casa,Alquiler,257,1591344,2007-01-19,Luisa
Tarragona,2393,2006-05-09,Piso,Alquiler,283,2072692,2006-10-02,Carmen
Tarragona,2395,2006-05-10,Piso,Alquiler,300,2585100,2006-10-15,Luisa
Barcelona,2397,2006-05-12,Parking,Alquiler,236,2001280,2007-03-04,Jesús
Girona,2401,2006-05-13,Local,Venta,216,2144448,2007-01-26,María
Lleida,2403,2006-05-13,Oficina,Alquiler,275,1819950,2006-11-11,Luisa
Girona,2404,2006-05-13,Oficina,Venta,221,1356498,2006-10-10,Luisa
Barcelona,2405,2006-05-14,Parking,Alquiler,210,1371720,2007-03-26,Pedro
Tarragona,2411,2006-05-15,Industrial,Venta,201,1163388,2007-01-24,Joaquín
Girona,2412,2006-05-16,Local,Alquiler,277,1802993,2007-03-01,Joaquín
Lleida,2414,2006-05-16,Oficina,Alquiler,257,2203004,2006-11-15,Pedro
Girona,2415,2006-05-16,Oficina,Venta,295,2200405,2007-03-24,María
Tarragona,2422,2006-05-19,Industrial,Venta,280,2370200,2007-02-04,Luisa
Barcelona,2424,2006-05-20,Oficina,Alquiler,225,1752975,2006-09-22,Jesús
Barcelona,2425,2006-05-20,Suelo,Venta,285,2603190,2006-11-15,Joaquín
Girona,2426,2006-05-20,Suelo,Venta,247,2320565,2007-05-01,Jesús
Lleida,2428,2006-05-21,Industrial,Alquiler,277,2268076,2007-01-25,María
Girona,2429,2006-05-21,Casa,Venta,273,2682225,,
Girona,2430,2006-05-21,Casa,Venta,245,2037420,2007-04-04,Pedro
Lleida,2431,2006-05-22,Suelo,Venta,271,2303500,2007-01-22,Luisa
Barcelona,2432,2006-05-22,Local,Alquiler,232,1699168,2006-08-27,Carmen
Girona,2433,2006-05-22,Piso,Venta,203,1315846,2007-02-27,Carmen
Tarragona,2434,2006-05-23,Casa,Alquiler,202,1112010,2007-01-29,Pedro
Girona,2440,2006-05-26,Industrial,Alquiler,278,2336590,2006-12-26,Luisa
Barcelona,2441,2006-05-27,Piso,Alquiler,207,1381104,2007-04-30,María
Girona,2443,2006-05-27,Piso,Alquiler,233,1682260,,
Girona,2446,2006-05-28,Piso,Alquiler,253,1162788,2007-01-22,Luisa
Barcelona,2449,2006-05-29,Suelo,Venta,228,2203620,2007-03-29,Joaquín
Girona,2450,2006-05-29,Parking,Venta,202,1524898,2006-12-28,Carmen
Lleida,2457,2006-06-01,Piso,Venta,234,1305720,2006-08-31,Luisa
Lleida,2459,2006-06-01,Casa,Venta,270,1097010,2007-04-02,María
Barcelona,2460,2006-06-02,Casa,Alquiler,209,2017268,2007-01-26,Luisa
Lleida,2462,2006-06-02,Piso,Venta,246,1044762,2007-03-22,María
Tarragona,2464,2006-06-03,Suelo,Venta,262,1843694,2006-12-29,Carmen
Lleida,2467,2006-06-03,Piso,Venta,224,1705760,2007-03-03,Jesús
Barcelona,2469,2006-06-04,Casa,Venta,260,1616680,2007-04-25,Carmen
Tarragona,2471,2006-06-05,Parking,Alquiler,211,1126951,2006-12-08,Joaquín
Lleida,2475,2006-06-06,Piso,Alquiler,264,1344024,2007-03-22,María
Lleida,2477,2006-06-06,Suelo,Alquiler,217,1363411,2006-12-18,Carmen
Girona,2478,2006-06-06,Suelo,Venta,294,2353176,2006-10-26,Pedro
Lleida,2481,2006-06-06,Oficina,Venta,209,1637515,2007-04-12,Jesús
Lleida,2484,2006-06-07,Local,Alquiler,201,1342278,2006-12-03,Luisa
Tarragona,2485,2006-06-07,Industrial,Alquiler,270,2632500,2007-04-18,Carmen
Tarragona,2488,2006-06-08,Suelo,Alquiler,255,2380170,2006-09-30,Pedro
Lleida,2489,2006-06-09,Suelo,Alquiler,267,2211294,2007-05-06,Joaquín
Tarragona,2490,2006-06-10,Industrial,Alquiler,298,2693026,,
Lleida,2499,2006-06-11,Local,Alquiler,275,1443750,,
Girona,2501,2006-06-11,Casa,Alquiler,231,2069529,2006-12-24,Jesús
Girona,2503,2006-06-13,Parking,Venta,282,2717634,2006-11-30,Pedro
Barcelona,2504,2006-06-13,Local,Venta,245,2090340,,
Lleida,2505,2006-06-14,Oficina,Venta,239,2235367,2006-10-09,María
Girona,2508,2006-06-15,Suelo,Venta,204,1267452,,
Tarragona,2512,2006-06-16,Piso,Venta,280,2384480,2007-01-01,Pedro
Lleida,2515,2006-06-17,Local,Alquiler,245,2030805,2006-12-11,María
Girona,2517,2006-06-18,Local,Alquiler,297,2162160,2006-12-28,Jesús
Tarragona,2518,2006-06-18,Casa,Venta,248,1826024,,
Girona,2520,2006-06-21,Oficina,Venta,277,2250348,2007-04-21,Jesús
Lleida,2521,2006-06-21,Oficina,Venta,212,1736068,2006-12-24,Joaquín
Barcelona,2523,2006-06-21,Casa,Alquiler,241,1327669,2007-03-10,Jesús
Tarragona,2525,2006-06-22,Casa,Alquiler,246,2198502,2006-11-10,Carmen
Lleida,2527,2006-06-23,Suelo,Venta,298,2458798,2006-12-10,Jesús
Barcelona,2529,2006-06-24,Suelo,Alquiler,281,1521615,2007-04-19,Carmen
Tarragona,2531,2006-06-25,Casa,Alquiler,213,1253505,2007-02-18,María
Girona,2534,2006-06-25,Oficina,Venta,246,1087812,2006-10-24,Jesús
Girona,2536,2006-06-27,Piso,Venta,214,1988702,,
Lleida,2538,2006-06-28,Casa,Venta,214,1504420,2006-12-14,Joaquín
Lleida,2541,2006-06-30,Suelo,Venta,209,1844425,2007-04-10,Pedro
Girona,2542,2006-06-30,Oficina,Venta,291,2849763,2007-04-28,Joaquín
Girona,2545,2006-07-01,Industrial,Venta,212,1691124,2006-10-19,María
Lleida,2547,2006-07-01,Parking,Alquiler,234,1182636,2006-12-04,Carmen
Barcelona,2554,2006-07-04,Industrial,Alquiler,275,2415325,2006-12-17,Carmen
Barcelona,2555,2006-07-04,Casa,Venta,267,2091144,2006-12-24,Luisa
Barcelona,2556,2006-07-04,Oficina,Venta,250,1298500,2006-11-24,Joaquín
Barcelona,2557,2006-07-05,Parking,Alquiler,283,1470185,2006-12-18,Jesús
Barcelona,2558,2006-07-06,Industrial,Alquiler,212,1758964,2007-03-24,Luisa
Barcelona,2563,2006-07-08,Piso,Alquiler,245,1284045,2007-05-07,Joaquín
Barcelona,2574,2006-07-11,Parking,Venta,256,2470912,,
Lleida,2577,2006-07-13,Piso,Alquiler,290,2702220,2007-03-16,Carmen
Girona,2579,2006-07-16,Parking,Alquiler,274,2189534,2006-11-17,Luisa
Barcelona,2584,2006-07-17,Suelo,Alquiler,234,1016964,2007-03-18,Luisa
Girona,2585,2006-07-17,Piso,Alquiler,244,1315648,2007-03-01,María
Lleida,2586,2006-07-18,Suelo,Alquiler,252,1889748,2006-11-23,Luisa
Barcelona,2587,2006-07-18,Casa,Venta,229,1634373,2006-12-19,Jesús
Lleida,2590,2006-07-19,Suelo,Alquiler,273,2682225,2007-02-04,Pedro
Tarragona,2591,2006-07-19,Suelo,Venta,213,1359579,2007-02-24,Carmen
Lleida,2594,2006-07-20,Local,Venta,265,1632930,2007-03-08,María
Barcelona,2596,2006-07-21,Oficina,Venta,258,1700994,2006-10-23,Jesús
Lleida,2599,2006-07-22,Casa,Venta,259,1626779,2007-05-01,Joaquín
Tarragona,2606,2006-07-24,Piso,Alquiler,293,1431891,,
Barcelona,2613,2006-07-28,Casa,Venta,294,2618364,,
Tarragona,2614,2006-07-28,Parking,Venta,242,1844282,,
Barcelona,2615,2006-07-28,Casa,Alquiler,239,2199995,2007-03-04,Jesús
Lleida,2616,2006-07-28,Parking,Alquiler,282,1170300,2006-12-15,Jesús
Lleida,2622,2006-07-31,Oficina,Alquiler,291,2874207,2007-04-24,Jesús
Tarragona,2625,2006-08-01,Local,Venta,277,1232927,,
Girona,2627,2006-08-02,Suelo,Venta,259,1202537,2007-04-16,María
Lleida,2628,2006-08-02,Parking,Alquiler,237,1732233,2007-01-23,Pedro
Tarragona,2629,2006-08-02,Suelo,Venta,295,1706280,2007-02-03,Joaquín
Lleida,2631,2006-08-03,Piso,Venta,291,1776555,,
Girona,2634,2006-08-06,Suelo,Venta,234,1994382,2007-03-04,María
Tarragona,2635,2006-08-06,Piso,Alquiler,253,2211979,2007-03-05,María
Girona,2637,2006-08-07,Parking,Venta,249,1422537,2007-04-02,Luisa
Girona,2639,2006-08-08,Parking,Venta,211,1456322,2006-11-23,Carmen
Lleida,2642,2006-08-08,Industrial,Alquiler,275,2171950,,
Lleida,2643,2006-08-09,Casa,Alquiler,274,1233000,2007-02-05,Joaquín
Barcelona,2644,2006-08-09,Industrial,Venta,282,2205240,,
Lleida,2645,2006-08-10,Casa,Venta,232,1341656,2006-12-01,Joaquín
Tarragona,2646,2006-08-11,Oficina,Alquiler,268,1984808,2007-03-06,Carmen
Barcelona,2647,2006-08-11,Industrial,Alquiler,270,1705320,2007-03-26,Luisa
Barcelona,2648,2006-08-11,Local,Alquiler,220,1772540,2006-12-25,Pedro
Tarragona,2650,2006-08-11,Piso,Venta,275,1324125,2006-12-31,Carmen
Girona,2654,2006-08-13,Piso,Alquiler,297,2909412,,
Tarragona,2658,2006-08-14,Parking,Alquiler,207,1473219,2007-02-20,Jesús
Barcelona,2666,2006-08-21,Oficina,Venta,258,2539236,2007-01-11,Joaquín
Barcelona,2670,2006-08-22,Suelo,Alquiler,215,1694630,,
Girona,2676,2006-08-23,Piso,Venta,294,2574558,,
Lleida,2677,2006-08-24,Suelo,Venta,214,1114940,,
Tarragona,2678,2006-08-24,Casa,Venta,239,1793695,2006-12-16,Carmen
Tarragona,2680,2006-08-25,Local,Venta,228,1096452,2007-03-31,Luisa
Lleida,2682,2006-08-26,Suelo,Venta,269,1971501,,
Girona,2688,2006-08-28,Parking,Venta,220,1230240,,
Girona,2689,2006-08-28,Piso,Venta,263,2173169,2007-01-20,María
Barcelona,2690,2006-08-29,Local,Venta,272,2399312,2006-12-28,Luisa
Tarragona,2693,2006-08-29,Piso,Venta,215,1981440,2007-05-03,Jesús
Lleida,2694,2006-08-30,Piso,Venta,233,2200452,,
Tarragona,2696,2006-08-30,Casa,Venta,255,2080290,2007-01-19,Luisa
Barcelona,2697,2006-08-31,Oficina,Venta,298,2977318,,
Girona,2701,2006-09-03,Suelo,Venta,203,1191610,2006-12-24,María
Barcelona,2703,2006-09-04,Casa,Venta,289,2534241,2007-01-28,María
Barcelona,2704,2006-09-04,Casa,Alquiler,221,1556282,,
Girona,2708,2006-09-05,Local,Alquiler,242,2326346,,
Girona,2709,2006-09-06,Casa,Alquiler,291,1643568,,
Girona,2710,2006-09-06,Piso,Alquiler,274,2445724,2006-12-20,Luisa
Girona,2711,2006-09-07,Parking,Venta,286,2153580,,
Girona,2713,2006-09-07,Oficina,Venta,239,1994933,2007-04-09,Carmen
Lleida,2716,2006-09-07,Local,Venta,224,2076480,,
Tarragona,2718,2006-09-08,Oficina,Venta,245,1349705,,
Barcelona,2722,2006-09-10,Parking,Venta,251,2180939,,
Tarragona,2725,2006-09-10,Oficina,Alquiler,285,1299315,,
Tarragona,2727,2006-09-11,Local,Venta,230,1580790,2007-03-04,Carmen
Barcelona,2731,2006-09-13,Piso,Venta,294,2885316,2007-02-13,María
Lleida,2732,2006-09-14,Oficina,Venta,225,1239525,,
Lleida,2736,2006-09-16,Suelo,Alquiler,224,1956864,2007-01-28,Carmen
Lleida,2740,2006-09-18,Oficina,Venta,239,2297985,,
Tarragona,2744,2006-09-19,Industrial,Venta,245,1728230,,
Tarragona,2747,2006-09-20,Suelo,Alquiler,208,2066688,,
Lleida,2749,2006-09-21,Casa,Venta,211,1326135,,
Lleida,2750,2006-09-21,Parking,Venta,257,2121278,2007-02-23,Joaquín
Barcelona,2751,2006-09-21,Industrial,Alquiler,279,1262196,2007-04-24,Jesús
Girona,2752,2006-09-22,Local,Venta,257,2242839,,
Barcelona,2754,2006-09-23,Piso,Venta,254,2001266,2007-02-10,Luisa
Girona,2756,2006-09-23,Oficina,Venta,261,1475172,,
Tarragona,2762,2006-09-27,Local,Venta,211,1819875,,
Barcelona,2767,2006-09-29,Industrial,Venta,216,1734264,2007-05-06,Pedro
Barcelona,2768,2006-09-29,Casa,Venta,258,1536906,,
Girona,2770,2006-09-30,Piso,Venta,244,2291404,2007-04-23,María
Barcelona,2773,2006-10-02,Piso,Venta,292,1536212,,
Girona,2774,2006-10-02,Suelo,Alquiler,271,1780199,2007-03-20,Carmen
Girona,2776,2006-10-04,Piso,Venta,290,2381770,2007-03-11,María
Tarragona,2777,2006-10-04,Industrial,Venta,284,2072632,2007-02-02,Joaquín
Girona,2779,2006-10-04,Casa,Venta,295,1658785,,
Barcelona,2784,2006-10-06,Oficina,Venta,272,2008176,,
Tarragona,2786,2006-10-07,Suelo,Venta,215,1015015,2007-03-03,Carmen
Girona,2790,2006-10-08,Industrial,Venta,212,1565620,2007-04-04,María
Lleida,2792,2006-10-08,Local,Venta,217,1770503,2007-02-11,Pedro
Girona,2793,2006-10-09,Casa,Venta,250,1370500,,
Lleida,2795,2006-10-09,Local,Alquiler,280,2327080,,
Lleida,2797,2006-10-10,Parking,Venta,275,2096050,,
Tarragona,2798,2006-10-10,Oficina,Alquiler,202,1028988,,
Barcelona,2800,2006-10-11,Casa,Venta,212,2108128,,
Tarragona,2803,2006-10-13,Parking,Venta,244,2429752,2007-01-15,Carmen
Girona,2805,2006-10-13,Local,Venta,271,1923558,2007-04-17,Luisa
Tarragona,2806,2006-10-13,Oficina,Alquiler,271,2621925,2007-02-19,Carmen
Tarragona,2808,2006-10-14,Suelo,Alquiler,293,2560527,,
Girona,2809,2006-10-15,Parking,Venta,206,1659742,2007-03-08,Jesús
Lleida,2811,2006-10-16,Oficina,Alquiler,250,1480500,2007-02-19,Luisa
Barcelona,2813,2006-10-17,Industrial,Venta,292,1905300,2007-03-12,Carmen
Tarragona,2819,2006-10-18,Oficina,Venta,234,1438866,,
Lleida,2821,2006-10-19,Casa,Venta,239,1215554,2007-05-03,Luisa
Lleida,2825,2006-10-22,Casa,Venta,275,2669425,2007-03-23,Jesús
Barcelona,2826,2006-10-23,Industrial,Alquiler,242,1250172,2007-03-08,María
Lleida,2827,2006-10-23,Oficina,Venta,236,1300360,,
Girona,2829,2006-10-23,Local,Alquiler,273,1766310,,
Tarragona,2831,2006-10-24,Parking,Alquiler,221,1318707,,
Girona,2832,2006-10-24,Oficina,Alquiler,224,1126944,2007-04-07,Joaquín
Lleida,2835,2006-10-26,Local,Venta,293,1956068,2007-05-03,Jesús
Tarragona,2840,2006-10-28,Casa,Alquiler,247,1107301,,
Lleida,2843,2006-10-29,Suelo,Alquiler,245,1240925,,
Girona,2845,2006-10-29,Industrial,Venta,247,1843361,2007-01-30,Pedro
Girona,2849,2006-10-31,Piso,Alquiler,285,1940565,,
Barcelona,2850,2006-10-31,Parking,Venta,285,1638750,2007-05-04,Carmen
Girona,2851,2006-10-31,Oficina,Venta,294,2267622,,
Tarragona,2853,2006-11-01,Piso,Alquiler,260,2292160,2007-03-07,Jesús
Barcelona,2857,2006-11-03,Suelo,Alquiler,283,2569923,2007-03-28,Pedro
Girona,2862,2006-11-03,Parking,Alquiler,275,1623600,2007-04-28,Pedro
Lleida,2866,2006-11-04,Piso,Venta,292,1427004,,
Lleida,2867,2006-11-05,Industrial,Alquiler,208,1269008,,
Lleida,2868,2006-11-05,Oficina,Venta,248,1270256,,
Barcelona,2870,2006-11-05,Casa,Alquiler,212,1357648,2007-04-25,Luisa
Lleida,2871,2006-11-05,Industrial,Venta,246,2345364,,
Lleida,2872,2006-11-06,Parking,Venta,267,1516293,2007-02-21,Joaquín
Lleida,2880,2006-11-09,Parking,Alquiler,295,1767345,2007-04-03,Jesús
Lleida,2884,2006-11-09,Piso,Alquiler,285,2565285,,
Barcelona,2888,2006-11-11,Local,Alquiler,239,1197390,,
Lleida,2889,2006-11-11,Piso,Alquiler,223,1071515,2007-03-20,Luisa
Barcelona,2892,2006-11-13,Industrial,Venta,262,2517034,,
Girona,2897,2006-11-16,Piso,Alquiler,258,1058832,,
Tarragona,2898,2006-11-17,Casa,Alquiler,214,1771492,,
Tarragona,2905,2006-11-20,Casa,Alquiler,282,1239672,2007-03-10,Jesús
Tarragona,2909,2006-11-22,Local,Alquiler,228,2081868,,
Lleida,2911,2006-11-23,Piso,Alquiler,282,1234032,2007-04-17,Joaquín
Lleida,2912,2006-11-24,Local,Venta,218,2102174,,
Lleida,2917,2006-11-26,Local,Venta,265,1820285,,
Lleida,2929,2006-11-29,Casa,Alquiler,253,1239700,,
Barcelona,2931,2006-11-29,Local,Venta,230,1847590,,
Barcelona,2934,2006-11-30,Casa,Venta,261,1752093,,
Barcelona,2941,2006-12-03,Piso,Venta,274,2474220,,
Barcelona,2943,2006-12-04,Piso,Venta,261,2198403,2007-03-09,Joaquín
Lleida,2952,2006-12-07,Casa,Alquiler,236,2133204,2007-03-13,Pedro
Girona,2953,2006-12-07,Casa,Alquiler,251,1528088,,
Tarragona,2961,2006-12-10,Local,Alquiler,257,2170622,2007-04-18,Jesús
Tarragona,2964,2006-12-11,Local,Venta,242,1246058,,
Barcelona,2971,2006-12-14,Industrial,Alquiler,291,2797092,,
Lleida,2977,2006-12-16,Local,Alquiler,248,1957960,,
Barcelona,2986,2006-12-19,Casa,Venta,281,2244066,2007-03-26,Joaquín
Tarragona,2987,2006-12-19,Piso,Alquiler,215,1408680,2007-03-20,Jesús
Tarragona,2988,2006-12-20,Piso,Alquiler,242,1492656,,
Girona,2989,2006-12-20,Local,Venta,255,1079670,,
Tarragona,2994,2006-12-23,Piso,Venta,223,1794927,,
Barcelona,2995,2006-12-23,Parking,Venta,237,1997436,,
Barcelona,2999,2006-12-24,Suelo,Venta,263,1403631,,
Lleida,3001,2006-12-25,Local,Alquiler,273,1993446,,
Girona,3002,2006-12-25,Casa,Alquiler,226,2041006,,
Girona,3004,2006-12-26,Casa,Alquiler,211,2086368,,
Girona,3007,2006-12-26,Casa,Alquiler,297,2673000,,
Girona,3008,2006-12-27,Piso,Alquiler,287,1882433,,
Girona,3010,2006-12-28,Suelo,Alquiler,292,1751124,,
Tarragona,3011,2006-12-28,Local,Alquiler,224,1646624,,
Barcelona,3013,2006-12-29,Oficina,Venta,257,1245165,,
Barcelona,3017,2006-12-30,Casa,Alquiler,264,1060488,2007-04-28,Joaquín
Tarragona,3024,2007-01-02,Industrial,Alquiler,273,1725087,,
Lleida,3025,2007-01-04,Oficina,Alquiler,293,2662784,,
Girona,3028,2007-01-06,Parking,Venta,247,2398617,,
Lleida,3035,2007-01-08,Casa,Alquiler,269,1520119,,
Tarragona,3036,2007-01-09,Casa,Alquiler,286,1895036,,
Lleida,3040,2007-01-09,Suelo,Alquiler,238,1108128,,
Barcelona,3045,2007-01-10,Piso,Alquiler,222,1296258,,
Barcelona,3046,2007-01-10,Parking,Venta,233,1077858,2007-04-30,María
Lleida,3048,2007-01-10,Local,Venta,256,1934080,,
Barcelona,3051,2007-01-11,Casa,Venta,259,1369333,,
Girona,3052,2007-01-11,Local,Venta,272,1965472,,
Tarragona,3055,2007-01-12,Piso,Venta,258,2204352,,
Barcelona,3057,2007-01-13,Suelo,Venta,217,1578675,,
Lleida,3059,2007-01-14,Casa,Alquiler,290,2797050,,
Barcelona,3060,2007-01-14,Suelo,Alquiler,289,2427311,,
Tarragona,3065,2007-01-15,Parking,Venta,230,1486030,,
Barcelona,3067,2007-01-16,Piso,Venta,256,1856000,,
Tarragona,3069,2007-01-17,Industrial,Venta,273,1230684,,
Girona,3070,2007-01-18,Parking,Venta,243,1857735,,
Tarragona,3071,2007-01-18,Local,Alquiler,259,1360268,,
Girona,3072,2007-01-18,Suelo,Alquiler,253,2291421,,
Tarragona,3073,2007-01-19,Suelo,Venta,236,1598664,,
Tarragona,3076,2007-01-20,Parking,Alquiler,216,2143368,,
Barcelona,3078,2007-01-20,Industrial,Venta,239,1517889,,
Barcelona,3082,2007-01-21,Parking,Alquiler,268,1420132,,
Girona,3083,2007-01-22,Piso,Venta,232,1511944,,
Lleida,3088,2007-01-23,Local,Venta,204,1677492,,
Tarragona,3090,2007-01-24,Local,Venta,285,2321325,,
Tarragona,3091,2007-01-25,Suelo,Venta,212,1896340,,
Tarragona,3093,2007-01-26,Industrial,Venta,216,1554336,,
Tarragona,3094,2007-01-26,Suelo,Alquiler,214,1086478,,
Lleida,3096,2007-01-27,Industrial,Venta,269,2189122,,
Tarragona,3097,2007-01-28,Piso,Alquiler,229,1014928,,
Barcelona,3099,2007-01-29,Oficina,Alquiler,296,2563064,,
Barcelona,3100,2007-01-29,Parking,Venta,230,1445090,,
Lleida,3101,2007-01-29,Oficina,Venta,273,2148783,,
Girona,3106,2007-02-01,Industrial,Alquiler,260,1636700,,
Girona,3108,2007-02-01,Local,Alquiler,229,1065995,,
Lleida,3115,2007-02-03,Parking,Venta,211,1528906,,
Tarragona,3118,2007-02-05,Piso,Venta,283,2449082,,
Lleida,3120,2007-02-06,Suelo,Alquiler,260,1746420,,
Tarragona,3121,2007-02-06,Parking,Alquiler,292,2658076,,
Girona,3124,2007-02-09,Parking,Alquiler,252,2154096,,
Tarragona,3126,2007-02-10,Oficina,Venta,297,2902284,,
Lleida,3128,2007-02-10,Local,Venta,201,1817442,,
Girona,3129,2007-02-11,Industrial,Alquiler,244,1050664,,
Tarragona,3139,2007-02-15,Oficina,Alquiler,248,2357240,,
Girona,3141,2007-02-16,Industrial,Alquiler,298,1708434,,
Girona,3144,2007-02-17,Industrial,Alquiler,288,1978848,,
Girona,3145,2007-02-17,Oficina,Venta,234,1789866,,
Tarragona,3148,2007-02-18,Industrial,Venta,210,1855770,,
Barcelona,3154,2007-02-20,Casa,Venta,281,1527516,,
Barcelona,3158,2007-02-22,Local,Venta,267,1127274,,
Barcelona,3162,2007-02-23,Industrial,Venta,261,2186658,,
Tarragona,3164,2007-02-23,Suelo,Venta,256,1175040,,
Lleida,3168,2007-02-25,Parking,Venta,291,1374975,,
Lleida,3169,2007-02-26,Industrial,Alquiler,291,2066100,,
Barcelona,3173,2007-02-27,Suelo,Venta,279,1395837,,
Barcelona,3184,2007-03-03,Piso,Alquiler,266,2233602,,
Barcelona,3185,2007-03-03,Industrial,Venta,251,1913624,,
Lleida,3186,2007-03-04,Industrial,Venta,221,1583686,,
Barcelona,3190,2007-03-05,Parking,Venta,213,1324008,,
Tarragona,3191,2007-03-05,Local,Alquiler,230,1057310,,
Barcelona,3192,2007-03-05,Piso,Venta,280,2439640,,
Girona,3193,2007-03-07,Industrial,Venta,282,2019120,,
Girona,3196,2007-03-07,Casa,Alquiler,221,2075632,,
Lleida,3197,2007-03-07,Parking,Alquiler,292,2262708,,
Girona,3198,2007-03-08,Piso,Alquiler,212,1684340,,
Tarragona,3199,2007-03-08,Oficina,Alquiler,270,1859220,,
Barcelona,3202,2007-03-09,Oficina,Venta,298,1360966,,
Lleida,3206,2007-03-11,Parking,Alquiler,285,1622790,,
Lleida,3207,2007-03-11,Oficina,Alquiler,238,1195474,,
Tarragona,3229,2007-03-17,Local,Alquiler,201,1194342,,
Girona,3236,2007-03-20,Casa,Alquiler,292,2765240,,
Lleida,3244,2007-03-22,Piso,Alquiler,239,1364690,,
Barcelona,3245,2007-03-22,Industrial,Alquiler,283,1800729,,
Tarragona,3250,2007-03-23,Suelo,Alquiler,213,1202811,,
Lleida,3252,2007-03-24,Local,Alquiler,245,1966615,,
Girona,3255,2007-03-26,Oficina,Venta,221,1194726,,
Girona,3256,2007-03-26,Piso,Alquiler,266,2010960,,
Lleida,3261,2007-03-27,Industrial,Venta,269,1674794,,
Tarragona,3262,2007-03-28,Casa,Alquiler,243,1608903,,
Tarragona,3264,2007-03-29,Local,Alquiler,291,1475952,,
Tarragona,3266,2007-03-30,Casa,Alquiler,209,1925935,,
Barcelona,3268,2007-04-01,Industrial,Alquiler,300,2908500,,
Tarragona,3272,2007-04-02,Oficina,Alquiler,218,1656364,,
Girona,3281,2007-04-06,Casa,Alquiler,276,2336340,,
Barcelona,3282,2007-04-06,Parking,Alquiler,220,1296900,,
Girona,3283,2007-04-07,Oficina,Venta,279,2384334,,
Barcelona,3286,2007-04-07,Suelo,Alquiler,257,2490587,,
Barcelona,3288,2007-04-09,Local,Alquiler,293,2065357,,
Lleida,3289,2007-04-09,Parking,Venta,296,2914416,,
Lleida,3290,2007-04-09,Industrial,Alquiler,248,1147000,,
Lleida,3297,2007-04-11,Casa,Alquiler,273,1497132,,
Tarragona,3298,2007-04-12,Suelo,Venta,282,2689434,,
Tarragona,3302,2007-04-12,Industrial,Alquiler,225,2179125,,
Tarragona,3305,2007-04-13,Industrial,Venta,244,1026508,,
Girona,3307,2007-04-14,Parking,Venta,221,1533077,,
Tarragona,3308,2007-04-16,Local,Venta,286,1180036,,
Tarragona,3312,2007-04-17,Industrial,Alquiler,277,2129576,,
Barcelona,3314,2007-04-18,Casa,Venta,284,1808512,,
Girona,3317,2007-04-20,Casa,Venta,247,1804088,,
Barcelona,3323,2007-04-23,Piso,Venta,283,2686236,,
Barcelona,3326,2007-04-25,Industrial,Alquiler,296,2078216,,
Barcelona,3329,2007-04-26,Piso,Venta,264,2517504,,
Lleida,3333,2007-04-29,Industrial,Alquiler,221,1450644,,
Lleida,3337,2007-04-30,Parking,Venta,254,2140712,,
