Provincia,Operación,Precio Venta,Vendedor
Lleida,Alquiler,2133903,Carmen
Lleida,Alquiler,1024380,Jesús
Lleida,Venta,2042768,Joaquín
Lleida,Alquiler,727552,Pedro
Lleida,Alquiler,1294048,Carmen
Lleida,Venta,568620,Joaquín
Lleida,Alquiler,1605564,María
Lleida,Venta,239220,María
Lleida,Alquiler,512730,Carmen
Lleida,Alquiler,1920240,Jesús
Lleida,Venta,509010,María
Lleida,Venta,2119424,Pedro
Lleida,Venta,448485,María
Lleida,Venta,471072,María
Lleida,Venta,1467782,Carmen
Lleida,Alquiler,2105700,Pedro
Lleida,Alquiler,1064800,Pedro
Lleida,Venta,307989,Pedro
Lleida,Alquiler,1363926,Carmen
Lleida,Venta,477345,Carmen
Lleida,Venta,229455,Jesús
Lleida,Alquiler,624435,Joaquín
Lleida,Venta,1492506,Luisa
Lleida,Alquiler,1800516,Jesús
Lleida,Alquiler,1259904,Luisa
Lleida,Venta,434656,María
Lleida,Alquiler,508924,Pedro
Lleida,Alquiler,731700,Luisa
Lleida,Venta,563178,Pedro
Lleida,Alquiler,1361675,Jesús
Lleida,Venta,1842035,Joaquín
Lleida,Alquiler,597286,Joaquín
Lleida,Alquiler,1131416,Joaquín
Lleida,Alquiler,1658835,Jesús
Lleida,Venta,537264,Carmen
Lleida,Alquiler,448210,Pedro
Lleida,Venta,842343,María
Lleida,Alquiler,2253500,Joaquín
Lleida,Alquiler,1338124,Luisa
Lleida,Venta,1369680,Pedro
Lleida,Venta,1643948,María
Lleida,Alquiler,1297594,Carmen
Lleida,Alquiler,1932518,Pedro
Lleida,Alquiler,1398600,Luisa
Lleida,Alquiler,1042283,Jesús
Lleida,Venta,1670965,Luisa
Lleida,Venta,848358,Pedro
Lleida,Alquiler,2338032,Pedro
Lleida,Venta,2038660,Carmen
Lleida,Venta,1870546,Luisa
Lleida,Alquiler,747075,Pedro
Lleida,Venta,1130632,Pedro
Lleida,Alquiler,1622040,María
Lleida,Alquiler,1220697,Carmen
Lleida,Alquiler,1107108,Joaquín
Lleida,Venta,446888,María
Lleida,Alquiler,1093281,Jesús
Lleida,Venta,2409210,Carmen
Lleida,Alquiler,722880,Joaquín
Lleida,Alquiler,1102880,Jesús
Lleida,Alquiler,924294,Luisa
Lleida,Venta,895359,Pedro
Lleida,Venta,1055912,Jesús
Lleida,Venta,1645616,Carmen
Lleida,Alquiler,1763517,Luisa
Lleida,Venta,792792,Pedro
Lleida,Venta,605425,Carmen
Lleida,Alquiler,440772,Jesús
Lleida,Venta,1922325,María
Lleida,Venta,634920,Joaquín
Lleida,Venta,783783,Jesús
Lleida,Alquiler,1992228,Pedro
Lleida,Alquiler,830830,Luisa
Lleida,Venta,1176630,Jesús
Lleida,Venta,1505925,Luisa
Lleida,Venta,732495,Luisa
Lleida,Venta,1257036,Luisa
Lleida,Venta,961192,Jesús
Lleida,Alquiler,501220,Jesús
Lleida,Alquiler,1317529,Luisa
Lleida,Alquiler,1210053,Jesús
Lleida,Venta,2586704,Carmen
Lleida,Alquiler,2582184,Luisa
Lleida,Alquiler,1331166,Joaquín
Lleida,Alquiler,1602544,Jesús
Lleida,Alquiler,2188138,María
Lleida,Alquiler,702576,Carmen
Lleida,Alquiler,435252,Luisa
Lleida,Venta,425432,Luisa
Lleida,Alquiler,1287807,Carmen
Lleida,Alquiler,1019160,Carmen
Lleida,Alquiler,1042659,Jesús
Lleida,Alquiler,338364,Carmen
Lleida,Alquiler,1980300,Joaquín
Lleida,Alquiler,1779458,Pedro
Lleida,Alquiler,1674744,Luisa
Lleida,Venta,2097970,Pedro
Lleida,Venta,1797120,María
Lleida,Alquiler,511680,Luisa
Lleida,Alquiler,924732,María
Lleida,Alquiler,2628812,Pedro
Lleida,Venta,801350,Pedro
Lleida,Alquiler,872760,Carmen
Lleida,Alquiler,851488,Carmen
Lleida,Alquiler,855442,Jesús
Lleida,Alquiler,913248,Luisa
Lleida,Venta,530816,Luisa
Lleida,Venta,946710,Carmen
Lleida,Venta,2475063,Carmen
Lleida,Alquiler,1306840,Carmen
Lleida,Venta,1298328,Jesús
Lleida,Alquiler,1948583,María
Lleida,Alquiler,1166065,Jesús
Lleida,Alquiler,2238000,Pedro
Lleida,Venta,965006,Pedro
Lleida,Alquiler,2087904,Jesús
Lleida,Venta,1216254,María
Lleida,Venta,258560,Jesús
Lleida,Alquiler,279342,María
Lleida,Venta,1293400,Carmen
Lleida,Venta,1249360,Pedro
Lleida,Alquiler,2273040,Joaquín
Lleida,Alquiler,1414602,Carmen
Lleida,Venta,446856,María
Lleida,Alquiler,999726,Carmen
Lleida,Alquiler,1730680,Carmen
Lleida,Venta,419348,Jesús
Lleida,Venta,628095,María
Lleida,Alquiler,1711325,Luisa
Lleida,Venta,567492,Carmen
Lleida,Alquiler,280741,Jesús
Lleida,Alquiler,513968,Jesús
Lleida,Venta,639999,Luisa
Lleida,Alquiler,659808,Pedro
Lleida,Alquiler,251430,Carmen
Lleida,Venta,2584480,Jesús
Lleida,Alquiler,613921,María
Lleida,Venta,358360,Luisa
Lleida,Venta,323760,María
Lleida,Venta,735456,María
Lleida,Alquiler,738568,Joaquín
Lleida,Alquiler,704323,Luisa
Lleida,Alquiler,1817264,María
Lleida,Alquiler,360765,María
Lleida,Venta,1117620,Carmen
Lleida,Venta,1790880,Pedro
Lleida,Venta,1992320,María
Lleida,Venta,1283980,Carmen
Lleida,Alquiler,391560,Pedro
Lleida,Alquiler,494758,María
Lleida,Alquiler,2338095,Carmen
Lleida,Alquiler,1192800,Joaquín
Lleida,Alquiler,386354,Pedro
Lleida,Venta,777360,Carmen
Lleida,Venta,1589832,Luisa
Lleida,Venta,1457980,Luisa
Lleida,Venta,1577692,Joaquín
Lleida,Alquiler,1049433,Jesús
Lleida,Alquiler,1214880,Luisa
Lleida,Venta,688838,Luisa
Lleida,Venta,1022883,María
Lleida,Alquiler,392832,María
Lleida,Venta,1524585,Pedro
Lleida,Venta,1291636,María
Lleida,Alquiler,2280668,María
Lleida,Alquiler,2135210,Pedro
Lleida,Alquiler,329681,Jesús
Lleida,Alquiler,1905187,Pedro
Lleida,Venta,644470,María
Lleida,Alquiler,780980,Joaquín
Lleida,Alquiler,1201578,Luisa
Lleida,Venta,542864,María
Lleida,Venta,445295,Pedro
Lleida,Venta,679554,Pedro
Lleida,Venta,399655,Luisa
Lleida,Venta,1343840,Carmen
Lleida,Venta,484744,Joaquín
Lleida,Venta,1606500,Carmen
Lleida,Venta,411160,Joaquín
Lleida,Alquiler,1217390,Luisa
Lleida,Venta,913248,Jesús
Lleida,Venta,507320,María
Lleida,Alquiler,950290,Carmen
Lleida,Venta,1106028,María
Lleida,Venta,1805518,Carmen
Lleida,Venta,992793,Carmen
Lleida,Venta,1218888,Joaquín
Lleida,Venta,1409551,Jesús
Lleida,Alquiler,1968632,Pedro
Lleida,Venta,1276800,Carmen
Lleida,Venta,1029178,Joaquín
Lleida,Alquiler,2430272,Carmen
Lleida,Alquiler,1821758,Luisa
Lleida,Venta,2242656,Jesús
Lleida,Alquiler,1082079,Carmen
Lleida,Alquiler,2923155,Luisa
Lleida,Alquiler,549120,Carmen
Lleida,Venta,1070307,Pedro
Lleida,Alquiler,1542784,Joaquín
Lleida,Alquiler,645569,Carmen
Lleida,Alquiler,719213,Jesús
Lleida,Alquiler,412395,María
Lleida,Alquiler,1420012,Pedro
Lleida,Alquiler,610696,Jesús
Lleida,Alquiler,581568,Carmen
Lleida,Alquiler,1967400,Pedro
Lleida,Alquiler,1676500,Pedro
Lleida,Alquiler,1511095,María
Lleida,Alquiler,1662089,Carmen
Lleida,Alquiler,1311660,María
Lleida,Venta,1238202,Joaquín
Lleida,Alquiler,2039512,Joaquín
Lleida,Venta,2053384,Carmen
Lleida,Venta,754435,Joaquín
Lleida,Alquiler,1373008,Pedro
Lleida,Venta,474624,Carmen
Lleida,Venta,330956,María
Lleida,Venta,1593720,Pedro
Lleida,Alquiler,1994532,María
Lleida,Alquiler,769824,Jesús
Lleida,Venta,2581552,Pedro
Lleida,Venta,1145600,María
Lleida,Alquiler,600642,Jesús
Lleida,Alquiler,920144,Jesús
Lleida,Venta,409563,Pedro
Lleida,Alquiler,1678286,Jesús
Lleida,Alquiler,1753240,Joaquín
Lleida,Venta,1894752,Carmen
Lleida,Venta,528120,Joaquín
Lleida,Venta,2707200,Luisa
Lleida,Venta,866780,Jesús
Lleida,Venta,1706240,Pedro
Lleida,Venta,622787,Carmen
Lleida,Venta,369984,Jesús
Lleida,Alquiler,1176855,María
Lleida,Venta,610416,Joaquín
Lleida,Alquiler,1089181,Joaquín
Lleida,Alquiler,1236672,Luisa
Lleida,Venta,1636560,Luisa
Lleida,Venta,2496723,Jesús
Lleida,Alquiler,1441440,Pedro
Lleida,Venta,1940448,Pedro
Lleida,Alquiler,1250408,Pedro
Lleida,Alquiler,1502800,Joaquín
Lleida,Venta,892620,Pedro
Lleida,Venta,1162784,Pedro
Lleida,Alquiler,2141830,Joaquín
Lleida,Venta,298368,Luisa
Lleida,Alquiler,2279354,Joaquín
Lleida,Alquiler,2546180,Carmen
Lleida,Alquiler,468952,Joaquín
Lleida,Venta,932250,María
Lleida,Venta,786714,Luisa
Lleida,Alquiler,1009328,Pedro
Lleida,Venta,924990,Pedro
Lleida,Alquiler,963020,Pedro
Lleida,Venta,493632,Jesús
Lleida,Alquiler,2741308,María
Lleida,Venta,1592624,Carmen
Lleida,Venta,712404,Carmen
Lleida,Venta,297882,Joaquín
Lleida,Venta,563475,Pedro
Lleida,Venta,1601334,Jesús
Lleida,Alquiler,1519137,Carmen
Lleida,Alquiler,481656,Carmen
Lleida,Alquiler,909090,Jesús
Lleida,Venta,2021232,Jesús
Lleida,Venta,1594715,Luisa
Lleida,Venta,750984,Joaquín
Lleida,Alquiler,1665134,Pedro
Lleida,Alquiler,1820540,Luisa
Lleida,Venta,1076464,Pedro
Lleida,Venta,463306,María
Lleida,Venta,322344,María
Lleida,Alquiler,711634,Jesús
Lleida,Alquiler,639952,Luisa
Lleida,Venta,1013175,Pedro
Lleida,Alquiler,1504477,Jesús
Lleida,Venta,935694,Jesús
Lleida,Alquiler,293370,Pedro
Lleida,Alquiler,2688046,Luisa
Lleida,Venta,1497195,María
Lleida,Venta,820776,Carmen
Lleida,Venta,848888,Jesús
Lleida,Venta,1673173,Joaquín
Lleida,Alquiler,376090,Joaquín
Lleida,Venta,839615,María
Lleida,Alquiler,2562435,Carmen
Lleida,Venta,349720,Luisa
Lleida,Venta,1821771,Pedro
Lleida,Alquiler,1617270,Luisa
Lleida,Alquiler,2232690,María
Lleida,Alquiler,1040028,María
Lleida,Venta,804884,Carmen
Lleida,Alquiler,1938000,Joaquín
Lleida,Alquiler,1560125,Luisa
Lleida,Alquiler,1566720,Pedro
Lleida,Venta,716272,Carmen
Lleida,Venta,1004707,Joaquín
Lleida,Alquiler,574200,Pedro
Lleida,Alquiler,1517628,Carmen
Lleida,Alquiler,921195,Luisa
Lleida,Alquiler,1035416,María
Lleida,Alquiler,1727588,Luisa
Lleida,Venta,2396835,Joaquín
Lleida,Alquiler,431760,Carmen
Lleida,Alquiler,2094795,Carmen
Lleida,Alquiler,705628,Luisa
Lleida,Alquiler,370158,Jesús
Lleida,Venta,1850004,Joaquín
Lleida,Venta,1827420,Luisa
Lleida,Venta,783510,Joaquín
Lleida,Alquiler,976384,Joaquín
Lleida,Alquiler,1270800,Luisa
Lleida,Venta,2211328,Pedro
Lleida,Venta,609128,María
Lleida,Alquiler,902212,Jesús
Lleida,Alquiler,634583,María
Lleida,Alquiler,843180,Carmen
Lleida,Venta,924741,Carmen
Lleida,Alquiler,1177052,Jesús
Lleida,Alquiler,1623217,Luisa
Lleida,Venta,1670100,María
Lleida,Venta,1733696,Pedro
Lleida,Alquiler,1046800,María
Lleida,Venta,416430,Pedro
Lleida,Venta,1428350,Jesús
Lleida,Venta,1001376,Carmen
Lleida,Alquiler,958392,Joaquín
Lleida,Alquiler,1579012,María
Lleida,Alquiler,1687836,María
Lleida,Venta,496806,Joaquín
Lleida,Venta,471440,Luisa
Lleida,Venta,2333097,María
Lleida,Alquiler,419256,Pedro
Lleida,Alquiler,1250952,Luisa
Lleida,Alquiler,2172232,Pedro
Lleida,Venta,537915,Carmen
Lleida,Venta,1323792,Jesús
Lleida,Venta,2520904,Luisa
Lleida,Venta,595750,Joaquín
Lleida,Venta,317044,Jesús
Lleida,Alquiler,977011,Carmen
Lleida,Venta,1587063,Carmen
Lleida,Venta,987040,Luisa
Lleida,Alquiler,1689000,Luisa
Lleida,Venta,805714,Carmen
Lleida,Venta,659858,Carmen
Lleida,Venta,999950,Carmen
Lleida,Venta,1454232,Pedro
Lleida,Venta,2325766,Joaquín
Lleida,Venta,1045816,Carmen
Lleida,Venta,1573493,Luisa
Lleida,Venta,866008,Pedro
Lleida,Venta,1983840,Pedro
Lleida,Alquiler,706440,Pedro
Lleida,Alquiler,2005080,Pedro
Lleida,Alquiler,2207286,Pedro
Lleida,Alquiler,2463021,María
Lleida,Venta,478639,Joaquín
Lleida,Venta,1607487,Carmen
Lleida,Venta,682168,Jesús
Lleida,Venta,645408,Luisa
Lleida,Venta,1656064,Pedro
Lleida,Alquiler,764370,Carmen
Lleida,Venta,1309544,Joaquín
Lleida,Alquiler,437674,Luisa
Lleida,Alquiler,563255,Jesús
Lleida,Venta,2292465,Carmen
Lleida,Venta,2110900,Pedro
Lleida,Alquiler,757260,Pedro
Lleida,Alquiler,685592,Pedro
Lleida,Alquiler,328646,Carmen
Lleida,Alquiler,942579,María
Lleida,Venta,1522977,Carmen
Lleida,Venta,2155200,Jesús
Lleida,Alquiler,552513,Pedro
Lleida,Venta,2667816,Joaquín
Lleida,Venta,592823,Pedro
Lleida,Alquiler,761928,Carmen
Lleida,Alquiler,804327,Joaquín
Lleida,Alquiler,411669,Pedro
Lleida,Alquiler,1926868,Carmen
Lleida,Venta,1423007,Carmen
Lleida,Alquiler,2275994,Joaquín
Lleida,Alquiler,442635,María
Lleida,Alquiler,872204,María
Lleida,Venta,1509710,Jesús
Lleida,Venta,2625600,María
Lleida,Venta,474864,Luisa
Lleida,Alquiler,615440,Jesús
Lleida,Venta,765815,María
Lleida,Alquiler,1923516,Pedro
Lleida,Venta,391950,Jesús
Lleida,Venta,2171327,Jesús
Lleida,Alquiler,840312,Pedro
Lleida,Venta,2171520,Carmen
Lleida,Alquiler,907580,Carmen
Lleida,Venta,747659,Pedro
Lleida,Alquiler,994750,Joaquín
Lleida,Alquiler,1201462,Jesús
Lleida,Alquiler,1931658,Jesús
Lleida,Venta,433235,Carmen
Lleida,Alquiler,613275,Pedro
Lleida,Alquiler,403401,María
Lleida,Venta,1689316,Carmen
Lleida,Venta,764240,Pedro
Lleida,Alquiler,644688,Jesús
Lleida,Venta,1033515,Pedro
Lleida,Venta,1506300,Pedro
Lleida,Venta,359406,Pedro
Lleida,Alquiler,882420,Carmen
Lleida,Alquiler,2249576,Carmen
Lleida,Venta,1319520,Jesús
Lleida,Venta,2378453,Luisa
Lleida,Venta,735945,Joaquín
Lleida,Venta,1473180,Pedro
Lleida,Venta,2063460,Luisa
Lleida,Venta,1605730,Pedro
Lleida,Venta,497272,Luisa
Lleida,Alquiler,2136184,Jesús
Lleida,Alquiler,724563,Jesús
Lleida,Venta,1867692,Jesús
Lleida,Alquiler,1284568,Carmen
Lleida,Alquiler,388583,Jesús
Lleida,Alquiler,237176,María
Lleida,Venta,2299208,Pedro
Lleida,Alquiler,1597360,Carmen
Lleida,Venta,2394204,María
Lleida,Alquiler,536733,María
Lleida,Venta,1944840,María
Lleida,Venta,299407,María
Lleida,Venta,540890,Jesús
Lleida,Venta,706560,Carmen
Lleida,Venta,589155,Carmen
Lleida,Alquiler,1370998,Joaquín
Lleida,Alquiler,1713990,María
Lleida,Alquiler,341584,Luisa
Lleida,Venta,1720320,María
Lleida,Venta,804683,María
Lleida,Alquiler,1179957,María
Lleida,Alquiler,431275,Luisa
Lleida,Alquiler,756900,Carmen
Lleida,Venta,472668,María
Lleida,Alquiler,914641,Joaquín
Lleida,Alquiler,1736901,María
Lleida,Venta,2323868,Pedro
Lleida,Venta,1701080,María
Lleida,Venta,1406563,Jesús
Lleida,Venta,1545720,Luisa
Lleida,Alquiler,1189936,Carmen
Lleida,Alquiler,1341684,María
Lleida,Venta,1346136,Joaquín
Lleida,Alquiler,1536832,Joaquín
Lleida,Alquiler,293949,Pedro
Lleida,Venta,2046384,Pedro
Lleida,Venta,1732446,Jesús
Lleida,Venta,2671748,Carmen
Lleida,Venta,984144,Luisa
Lleida,Alquiler,629628,Luisa
Lleida,Venta,1555813,Carmen
Lleida,Alquiler,740211,Pedro
Lleida,Alquiler,322960,Pedro
Lleida,Alquiler,873000,Jesús
Lleida,Alquiler,1499678,Luisa
Lleida,Venta,1450425,Luisa
Lleida,Venta,1809140,Joaquín
Lleida,Alquiler,2014110,Joaquín
Lleida,Alquiler,567742,Jesús
Lleida,Venta,1615851,Jesús
Lleida,Alquiler,466722,Jesús
Lleida,Alquiler,562827,Joaquín
Lleida,Alquiler,2494410,Luisa
Lleida,Alquiler,2487712,Carmen
Lleida,Venta,1355365,Joaquín
Lleida,Alquiler,2398008,Jesús
Lleida,Venta,674276,Luisa
Lleida,Alquiler,1104846,Jesús
Lleida,Venta,1298403,Carmen
Lleida,Venta,272880,María
Lleida,Alquiler,831316,Jesús
Lleida,Venta,1247760,Luisa
Lleida,Venta,727680,Joaquín
Lleida,Alquiler,1438827,Pedro
Lleida,Venta,816228,Jesús
Lleida,Venta,528892,María
Lleida,Venta,2233899,Luisa
Lleida,Venta,2111472,Joaquín
Lleida,Alquiler,656744,Luisa
Lleida,Alquiler,748790,Luisa
Lleida,Venta,1285842,Jesús
Lleida,Venta,475171,Luisa
Lleida,Venta,1409546,Pedro
Lleida,Venta,2181432,María
Lleida,Venta,928368,Jesús
Lleida,Venta,2290545,Carmen
Lleida,Alquiler,1140876,Pedro
Lleida,Alquiler,1315126,Luisa
Lleida,Alquiler,272545,Carmen
Lleida,Venta,303365,Pedro
Lleida,Venta,1511160,Luisa
Lleida,Alquiler,1401822,María
Lleida,Alquiler,1733022,Pedro
Lleida,Venta,1541976,Joaquín
Lleida,Alquiler,561132,Luisa
Lleida,Venta,1140156,Joaquín
Lleida,Venta,1307250,Luisa
Lleida,Venta,850752,Joaquín
Lleida,Venta,800160,Jesús
Lleida,Venta,685082,Joaquín
Lleida,Alquiler,1706400,Pedro
Lleida,Venta,1095146,María
Lleida,Alquiler,659316,Luisa
Lleida,Alquiler,697746,Carmen
Lleida,Alquiler,348720,Luisa
Lleida,Alquiler,1177722,Pedro
Lleida,Alquiler,1659833,Luisa
Lleida,Venta,400512,Pedro
Lleida,Alquiler,1171418,María
Lleida,Alquiler,435333,Jesús
Lleida,Alquiler,1456858,Pedro
Lleida,Alquiler,978120,María
Lleida,Venta,780516,Joaquín
Lleida,Venta,950891,Luisa
Lleida,Alquiler,771292,Joaquín
Lleida,Venta,1267950,Jesús
Lleida,Alquiler,2598516,Carmen
Lleida,Alquiler,412272,Luisa
Lleida,Venta,313537,Joaquín
Lleida,Venta,1901536,Joaquín
Lleida,Venta,984780,Joaquín
Lleida,Venta,973890,Joaquín
Lleida,Venta,958151,Carmen
Lleida,Venta,1386164,María
Lleida,Alquiler,971100,Luisa
Lleida,Venta,1258972,Luisa
Lleida,Alquiler,652190,Luisa
Lleida,Venta,433008,Carmen
Lleida,Alquiler,559206,Joaquín
Lleida,Alquiler,224304,Luisa
Lleida,Venta,1024698,Jesús
Lleida,Alquiler,464577,Joaquín
Lleida,Alquiler,580800,Joaquín
Lleida,Venta,2364390,Luisa
Lleida,Venta,1264310,Carmen
Lleida,Alquiler,1211184,María
Lleida,Venta,594130,Carmen
Lleida,Venta,1853390,Luisa
Lleida,Venta,783380,María
Lleida,Alquiler,831896,Pedro
Lleida,Alquiler,360942,Jesús
Lleida,Alquiler,1819950,Luisa
Lleida,Alquiler,1790490,Carmen
Lleida,Alquiler,2203004,Pedro
Lleida,Alquiler,1214576,Luisa
Lleida,Alquiler,1099024,Luisa
Lleida,Alquiler,2268076,María
Lleida,Venta,2303500,Luisa
Lleida,Alquiler,822625,Joaquín
Lleida,Venta,818505,Carmen
Lleida,Alquiler,786320,Jesús
Lleida,Alquiler,1466058,Carmen
Lleida,Venta,825518,Joaquín
Lleida,Alquiler,419250,María
Lleida,Venta,1305720,Luisa
Lleida,Venta,1097010,María
Lleida,Venta,1044762,María
Lleida,Venta,1107028,Pedro
Lleida,Venta,1705760,Jesús
Lleida,Venta,1199394,Carmen
Lleida,Alquiler,1344024,María
Lleida,Alquiler,1363411,Carmen
Lleida,Venta,1637515,Jesús
Lleida,Alquiler,1342278,Luisa
Lleida,Alquiler,2211294,Joaquín
Lleida,Alquiler,1443750,
Lleida,Venta,2235367,María
Lleida,Venta,958563,
Lleida,Alquiler,797215,Pedro
Lleida,Venta,1083256,Jesús
Lleida,Alquiler,2030805,María
Lleida,Alquiler,413910,María
Lleida,Venta,1736068,Joaquín
Lleida,Venta,2458798,Jesús
Lleida,Alquiler,912330,Pedro
Lleida,Venta,819621,Pedro
Lleida,Venta,1504420,Joaquín
Lleida,Venta,1844425,Pedro
Lleida,Alquiler,1182636,Carmen
Lleida,Alquiler,517472,
Lleida,Alquiler,503478,Joaquín
Lleida,Venta,668748,Carmen
Lleida,Venta,409712,
Lleida,Alquiler,2702220,Carmen
Lleida,Alquiler,375243,Pedro
Lleida,Alquiler,1889748,Luisa
Lleida,Alquiler,2682225,Pedro
Lleida,Venta,1632930,María
Lleida,Venta,1626779,Joaquín
Lleida,Alquiler,1095860,Luisa
Lleida,Alquiler,1550456,Carmen
Lleida,Alquiler,1899690,Jesús
Lleida,Alquiler,931104,María
Lleida,Alquiler,1170300,Jesús
Lleida,Venta,769860,Joaquín
Lleida,Alquiler,688092,Joaquín
Lleida,Alquiler,2874207,Jesús
Lleida,Alquiler,1002348,
Lleida,Alquiler,1732233,Pedro
Lleida,Venta,1776555,
Lleida,Venta,1527618,Joaquín
Lleida,Alquiler,2171950,
Lleida,Alquiler,1233000,Joaquín
Lleida,Venta,1341656,Joaquín
Lleida,Venta,891136,
Lleida,Venta,954249,Carmen
Lleida,Venta,1165548,
Lleida,Alquiler,853494,
Lleida,Venta,925749,
Lleida,Venta,1114940,
Lleida,Venta,1971501,
Lleida,Venta,2200452,
Lleida,Alquiler,1176480,
Lleida,Alquiler,1110907,
Lleida,Venta,2076480,
Lleida,Alquiler,770552,
Lleida,Venta,918380,
Lleida,Alquiler,680606,Pedro
Lleida,Venta,874256,
Lleida,Alquiler,591325,Joaquín
Lleida,Venta,920490,
Lleida,Venta,1239525,
Lleida,Venta,1057755,
Lleida,Alquiler,1956864,Carmen
Lleida,Alquiler,535408,Joaquín
Lleida,Venta,2297985,
Lleida,Venta,1298752,
Lleida,Venta,1326135,
Lleida,Venta,2121278,Joaquín
Lleida,Venta,1317210,María
Lleida,Venta,458346,
Lleida,Alquiler,185976,Luisa
Lleida,Venta,1345545,Luisa
Lleida,Alquiler,976885,Pedro
Lleida,Venta,1094225,
Lleida,Venta,949025,Joaquín
Lleida,Venta,1770503,Pedro
Lleida,Alquiler,2327080,
Lleida,Venta,2096050,
Lleida,Venta,594880,Luisa
Lleida,Alquiler,762606,
Lleida,Alquiler,695789,Carmen
Lleida,Alquiler,1480500,Luisa
Lleida,Venta,817156,
Lleida,Venta,1215554,Luisa
Lleida,Alquiler,1162624,
Lleida,Venta,2669425,Jesús
Lleida,Venta,1300360,
Lleida,Alquiler,931463,
Lleida,Venta,1956068,Jesús
Lleida,Alquiler,529137,
Lleida,Alquiler,1240925,
Lleida,Alquiler,416997,Joaquín
Lleida,Alquiler,400816,Carmen
Lleida,Alquiler,963459,
Lleida,Alquiler,763938,Jesús
Lleida,Alquiler,294722,Jesús
Lleida,Venta,1186380,Jesús
Lleida,Venta,1427004,
Lleida,Alquiler,1269008,
Lleida,Venta,1270256,
Lleida,Venta,2345364,
Lleida,Venta,1516293,Joaquín
Lleida,Venta,1355805,
Lleida,Alquiler,1767345,Jesús
Lleida,Alquiler,2565285,
Lleida,Alquiler,1414140,
Lleida,Alquiler,1071515,Luisa
Lleida,Alquiler,936672,
Lleida,Alquiler,1464192,
Lleida,Alquiler,934200,
Lleida,Alquiler,979056,Jesús
Lleida,Alquiler,720278,
Lleida,Alquiler,669056,Joaquín
Lleida,Alquiler,1234032,Joaquín
Lleida,Venta,2102174,
Lleida,Venta,1820285,
Lleida,Venta,327271,
Lleida,Venta,1095786,
Lleida,Venta,1467360,
Lleida,Alquiler,1239700,
Lleida,Venta,707350,
Lleida,Alquiler,1169088,
Lleida,Alquiler,684110,
Lleida,Venta,1323280,
Lleida,Alquiler,450336,
Lleida,Alquiler,2133204,Pedro
Lleida,Alquiler,774144,
Lleida,Alquiler,888335,
Lleida,Venta,1696149,
Lleida,Venta,1094940,Joaquín
Lleida,Alquiler,1957960,
Lleida,Venta,776245,Luisa
Lleida,Venta,1844190,
Lleida,Alquiler,1993446,
Lleida,Venta,1295840,
Lleida,Venta,1309365,
Lleida,Alquiler,333312,
Lleida,Venta,483828,Pedro
Lleida,Alquiler,592030,
Lleida,Alquiler,2662784,
Lleida,Alquiler,821748,
Lleida,Alquiler,1335499,
Lleida,Venta,486416,
Lleida,Alquiler,904344,Pedro
Lleida,Venta,885960,
Lleida,Alquiler,1520119,
Lleida,Alquiler,1108128,
Lleida,Venta,709596,Carmen
Lleida,Venta,1635413,
Lleida,Venta,1934080,
Lleida,Venta,896800,
Lleida,Alquiler,730452,
Lleida,Alquiler,2797050,
Lleida,Alquiler,1570624,
Lleida,Venta,268332,
Lleida,Venta,1677492,
Lleida,Venta,2189122,
Lleida,Venta,2148783,
Lleida,Alquiler,1295712,
Lleida,Venta,1528906,
Lleida,Venta,285136,
Lleida,Alquiler,1746420,
Lleida,Alquiler,523802,
Lleida,Venta,1817442,
Lleida,Venta,839913,
Lleida,Alquiler,1048714,
Lleida,Alquiler,802393,
Lleida,Venta,590785,
Lleida,Venta,858714,
Lleida,Venta,992698,
Lleida,Venta,648092,
Lleida,Venta,1433796,
Lleida,Alquiler,738700,
Lleida,Venta,1374975,
Lleida,Alquiler,2066100,
Lleida,Venta,1576848,
Lleida,Alquiler,1587768,
Lleida,Venta,1583686,
Lleida,Venta,1109075,
Lleida,Alquiler,2262708,
Lleida,Venta,350872,
Lleida,Alquiler,1622790,
Lleida,Alquiler,1195474,
Lleida,Alquiler,918722,
Lleida,Venta,425173,
Lleida,Venta,319347,
Lleida,Venta,905532,
Lleida,Alquiler,1134840,
Lleida,Alquiler,949060,
Lleida,Venta,1242624,
Lleida,Venta,470118,
Lleida,Alquiler,726264,
Lleida,Alquiler,1364690,
Lleida,Alquiler,1966615,
Lleida,Alquiler,1114746,
Lleida,Alquiler,1028676,
Lleida,Venta,1674794,
Lleida,Venta,898209,
Lleida,Venta,1802156,
Lleida,Venta,845640,
Lleida,Venta,1517292,
Lleida,Venta,2914416,
Lleida,Alquiler,1147000,
Lleida,Venta,1567834,
Lleida,Alquiler,1497132,
Lleida,Alquiler,448065,
Lleida,Venta,1760000,
Lleida,Alquiler,394250,
Lleida,Venta,355135,
Lleida,Venta,1031320,
Lleida,Alquiler,1450644,
Lleida,Venta,2140712,
Tarragona,Venta,1138024,María
Tarragona,Alquiler,406686,Pedro
Tarragona,Venta,664700,Carmen
Tarragona,Alquiler,358846,Luisa
Tarragona,Alquiler,427390,Joaquín
Tarragona,Alquiler,549780,Jesús
Tarragona,Alquiler,659330,Pedro
Tarragona,Alquiler,753571,Luisa
Tarragona,Alquiler,939072,Carmen
Tarragona,Alquiler,1799771,Luisa
Tarragona,Alquiler,1054340,Luisa
Tarragona,Alquiler,1492800,Joaquín
Tarragona,Alquiler,1154980,Joaquín
Tarragona,Venta,1426992,Jesús
Tarragona,Alquiler,957625,Carmen
Tarragona,Alquiler,1438748,Carmen
Tarragona,Venta,1373816,Joaquín
Tarragona,Venta,1140840,Carmen
Tarragona,Venta,1142938,Joaquín
Tarragona,Venta,1436832,Luisa
Tarragona,Alquiler,1647695,María
Tarragona,Venta,1478952,Carmen
Tarragona,Venta,187862,Jesús
Tarragona,Alquiler,1757106,Pedro
Tarragona,Alquiler,1104992,Pedro
Tarragona,Alquiler,421196,Pedro
Tarragona,Alquiler,922020,Joaquín
Tarragona,Alquiler,728931,Jesús
Tarragona,Venta,625536,Jesús
Tarragona,Alquiler,531375,Jesús
Tarragona,Venta,699400,Luisa
Tarragona,Alquiler,1782297,Joaquín
Tarragona,Alquiler,954666,Joaquín
Tarragona,Venta,438750,Carmen
Tarragona,Venta,973878,Jesús
Tarragona,Alquiler,926228,Joaquín
Tarragona,Venta,1373132,María
Tarragona,Venta,1230190,Luisa
Tarragona,Venta,1389096,Luisa
Tarragona,Venta,1268630,Jesús
Tarragona,Alquiler,391964,Pedro
Tarragona,Alquiler,1765225,Joaquín
Tarragona,Alquiler,533925,Joaquín
Tarragona,Venta,1128156,Pedro
Tarragona,Alquiler,1310520,María
Tarragona,Venta,1063648,María
Tarragona,Venta,1891932,María
Tarragona,Venta,875228,María
Tarragona,Venta,1305480,Jesús
Tarragona,Venta,1161090,Carmen
Tarragona,Venta,1001104,Luisa
Tarragona,Venta,2275500,Luisa
Tarragona,Alquiler,558252,María
Tarragona,Venta,1431012,Jesús
Tarragona,Venta,513300,María
Tarragona,Alquiler,1874928,Jesús
Tarragona,Venta,367584,Joaquín
Tarragona,Alquiler,1323054,Joaquín
Tarragona,Venta,1447992,Pedro
Tarragona,Alquiler,431325,Carmen
Tarragona,Venta,453651,María
Tarragona,Venta,519738,Carmen
Tarragona,Venta,2108343,Pedro
Tarragona,Venta,1494892,María
Tarragona,Alquiler,461435,Carmen
Tarragona,Venta,1032000,Luisa
Tarragona,Alquiler,1133132,Joaquín
Tarragona,Venta,739206,Carmen
Tarragona,Alquiler,1382166,Pedro
Tarragona,Venta,1479548,María
Tarragona,Venta,1748850,Pedro
Tarragona,Alquiler,1431076,María
Tarragona,Venta,2026401,Joaquín
Tarragona,Venta,567206,María
Tarragona,Venta,1183212,Luisa
Tarragona,Alquiler,1750014,Luisa
Tarragona,Alquiler,1770912,Jesús
Tarragona,Alquiler,1125792,Jesús
Tarragona,Alquiler,1342906,Joaquín
Tarragona,Alquiler,1336298,Pedro
Tarragona,Alquiler,712712,Jesús
Tarragona,Alquiler,1877675,Pedro
Tarragona,Alquiler,683230,Carmen
Tarragona,Alquiler,1458176,Carmen
Tarragona,Alquiler,1386900,Joaquín
Tarragona,Venta,961368,Luisa
Tarragona,Venta,1022040,Jesús
Tarragona,Alquiler,2110966,Pedro
Tarragona,Alquiler,1394461,María
Tarragona,Venta,1990697,Pedro
Tarragona,Alquiler,1263495,Jesús
Tarragona,Venta,1320676,Pedro
Tarragona,Venta,1398852,María
Tarragona,Venta,2060550,Luisa
Tarragona,Alquiler,1980185,Carmen
Tarragona,Alquiler,1181686,Carmen
Tarragona,Alquiler,673355,María
Tarragona,Alquiler,1377975,Jesús
Tarragona,Alquiler,895287,Jesús
Tarragona,Venta,1398630,María
Tarragona,Alquiler,882784,Luisa
Tarragona,Alquiler,389350,Luisa
Tarragona,Venta,483860,Pedro
Tarragona,Venta,1225120,Carmen
Tarragona,Venta,1804992,Jesús
Tarragona,Alquiler,1527498,Luisa
Tarragona,Alquiler,2190493,Jesús
Tarragona,Venta,1388175,Luisa
Tarragona,Alquiler,1116441,Jesús
Tarragona,Venta,852480,Carmen
Tarragona,Alquiler,1898628,Joaquín
Tarragona,Venta,783195,Carmen
Tarragona,Venta,872063,Pedro
Tarragona,Alquiler,419178,Jesús
Tarragona,Alquiler,242704,Joaquín
Tarragona,Venta,870105,Jesús
Tarragona,Venta,875544,Jesús
Tarragona,Venta,1820016,María
Tarragona,Alquiler,568480,Pedro
Tarragona,Venta,1983123,María
Tarragona,Alquiler,1093608,Luisa
Tarragona,Venta,253920,Luisa
Tarragona,Alquiler,1004740,Luisa
Tarragona,Venta,860172,Luisa
Tarragona,Alquiler,1207195,Luisa
Tarragona,Alquiler,1032546,Carmen
Tarragona,Venta,428240,Pedro
Tarragona,Alquiler,1782940,Joaquín
Tarragona,Venta,741228,Luisa
Tarragona,Venta,606024,Carmen
Tarragona,Alquiler,565587,Joaquín
Tarragona,Venta,564186,Pedro
Tarragona,Venta,694331,Carmen
Tarragona,Alquiler,1590104,Pedro
Tarragona,Alquiler,1412175,Pedro
Tarragona,Alquiler,700398,Luisa
Tarragona,Alquiler,322036,Jesús
Tarragona,Alquiler,1897155,Carmen
Tarragona,Venta,1038825,Jesús
Tarragona,Venta,1634884,María
Tarragona,Venta,1742020,Jesús
Tarragona,Venta,1767744,Pedro
Tarragona,Alquiler,469168,Pedro
Tarragona,Venta,1372686,Carmen
Tarragona,Venta,627570,Carmen
Tarragona,Venta,1234974,Carmen
Tarragona,Alquiler,1148436,Pedro
Tarragona,Venta,2171128,Carmen
Tarragona,Venta,577656,María
Tarragona,Venta,1122352,Jesús
Tarragona,Alquiler,2061131,Joaquín
Tarragona,Alquiler,1360828,Jesús
Tarragona,Alquiler,2576432,María
Tarragona,Alquiler,1161477,María
Tarragona,Venta,915704,María
Tarragona,Alquiler,1243060,María
Tarragona,Alquiler,1162104,Pedro
Tarragona,Venta,1917696,Joaquín
Tarragona,Venta,730149,Carmen
Tarragona,Venta,1773072,Luisa
Tarragona,Venta,1442870,Pedro
Tarragona,Venta,1003552,Carmen
Tarragona,Venta,1747830,Luisa
Tarragona,Alquiler,1225926,Luisa
Tarragona,Alquiler,227178,Joaquín
Tarragona,Venta,1074969,Joaquín
Tarragona,Alquiler,1029864,Carmen
Tarragona,Alquiler,1166104,Jesús
Tarragona,Venta,2285244,María
Tarragona,Alquiler,330771,María
Tarragona,Alquiler,723492,Joaquín
Tarragona,Alquiler,1379328,Luisa
Tarragona,Venta,1341120,María
Tarragona,Alquiler,1165842,Luisa
Tarragona,Venta,1124012,Pedro
Tarragona,Alquiler,1181670,Jesús
Tarragona,Venta,2114035,Luisa
Tarragona,Alquiler,457498,Jesús
Tarragona,Venta,1565839,Pedro
Tarragona,Venta,2216608,Luisa
Tarragona,Venta,266596,Luisa
Tarragona,Alquiler,1830664,Pedro
Tarragona,Venta,652743,Pedro
Tarragona,Venta,1184274,María
Tarragona,Alquiler,761056,Jesús
Tarragona,Alquiler,1206557,María
Tarragona,Venta,2202655,Pedro
Tarragona,Alquiler,308850,Pedro
Tarragona,Alquiler,823680,María
Tarragona,Alquiler,2332152,Joaquín
Tarragona,Alquiler,611796,Luisa
Tarragona,Alquiler,1877760,María
Tarragona,Venta,1607280,Carmen
Tarragona,Alquiler,778706,María
Tarragona,Venta,647460,Luisa
Tarragona,Venta,1565120,Joaquín
Tarragona,Venta,1522946,Joaquín
Tarragona,Alquiler,338476,Jesús
Tarragona,Alquiler,2209822,Jesús
Tarragona,Alquiler,653250,María
Tarragona,Alquiler,1323198,Jesús
Tarragona,Alquiler,1115409,María
Tarragona,Alquiler,1891736,María
Tarragona,Venta,1292484,Pedro
Tarragona,Venta,2208252,Pedro
Tarragona,Venta,1690416,Pedro
Tarragona,Alquiler,244608,Pedro
Tarragona,Alquiler,1688170,Jesús
Tarragona,Venta,1628333,María
Tarragona,Venta,866880,Luisa
Tarragona,Venta,1391809,Pedro
Tarragona,Alquiler,574200,Carmen
Tarragona,Venta,2124596,Carmen
Tarragona,Alquiler,593021,Luisa
Tarragona,Venta,1485680,Luisa
Tarragona,Alquiler,2214984,Joaquín
Tarragona,Alquiler,1566129,Jesús
Tarragona,Venta,1003320,Carmen
Tarragona,Venta,1708716,Jesús
Tarragona,Venta,418692,Luisa
Tarragona,Venta,912114,Joaquín
Tarragona,Venta,1951180,Luisa
Tarragona,Alquiler,726352,Joaquín
Tarragona,Venta,458560,Pedro
Tarragona,Venta,968658,María
Tarragona,Venta,970420,Luisa
Tarragona,Venta,1598520,Pedro
Tarragona,Alquiler,2025638,María
Tarragona,Venta,1115604,Pedro
Tarragona,Alquiler,1340632,Luisa
Tarragona,Alquiler,1029367,Carmen
Tarragona,Alquiler,500140,Pedro
Tarragona,Venta,1204595,Carmen
Tarragona,Alquiler,1506853,Jesús
Tarragona,Venta,1719757,Pedro
Tarragona,Venta,1273030,Luisa
Tarragona,Venta,1440742,Carmen
Tarragona,Alquiler,410260,Carmen
Tarragona,Venta,1604687,Luisa
Tarragona,Alquiler,795000,Luisa
Tarragona,Alquiler,1485915,Carmen
Tarragona,Venta,1273000,Carmen
Tarragona,Venta,894888,Pedro
Tarragona,Venta,509840,Carmen
Tarragona,Alquiler,368760,Luisa
Tarragona,Alquiler,1071667,Carmen
Tarragona,Venta,1872876,María
Tarragona,Venta,659295,María
Tarragona,Alquiler,2000475,Jesús
Tarragona,Venta,1911510,Luisa
Tarragona,Venta,1414800,Joaquín
Tarragona,Venta,638058,Jesús
Tarragona,Alquiler,822504,Jesús
Tarragona,Alquiler,1266732,Pedro
Tarragona,Venta,1008071,Jesús
Tarragona,Alquiler,1177653,Joaquín
Tarragona,Alquiler,2022624,Jesús
Tarragona,Alquiler,1194505,María
Tarragona,Alquiler,1732302,Joaquín
Tarragona,Venta,374310,María
Tarragona,Alquiler,1844004,Pedro
Tarragona,Alquiler,1603196,Joaquín
Tarragona,Venta,703680,Carmen
Tarragona,Venta,652052,Joaquín
Tarragona,Venta,1065744,Pedro
Tarragona,Alquiler,2083866,Luisa
Tarragona,Venta,1615128,Carmen
Tarragona,Alquiler,1332030,Carmen
Tarragona,Alquiler,1199730,Luisa
Tarragona,Alquiler,760176,Pedro
Tarragona,Venta,943800,Jesús
Tarragona,Alquiler,2130375,Carmen
Tarragona,Venta,771108,Luisa
Tarragona,Alquiler,1814238,Jesús
Tarragona,Venta,1950772,Joaquín
Tarragona,Alquiler,541648,Carmen
Tarragona,Alquiler,650580,Carmen
Tarragona,Alquiler,2064634,Carmen
Tarragona,Venta,1323353,Luisa
Tarragona,Alquiler,2287075,Luisa
Tarragona,Venta,462315,Luisa
Tarragona,Alquiler,359775,María
Tarragona,Alquiler,349102,Carmen
Tarragona,Venta,1318660,Pedro
Tarragona,Venta,1033850,María
Tarragona,Alquiler,850226,Joaquín
Tarragona,Venta,857374,Carmen
Tarragona,Venta,1305200,Luisa
Tarragona,Venta,1823708,Joaquín
Tarragona,Venta,698301,Joaquín
Tarragona,Alquiler,523989,Joaquín
Tarragona,Alquiler,1051500,Joaquín
Tarragona,Alquiler,744480,Jesús
Tarragona,Venta,647280,Jesús
Tarragona,Venta,1468614,Pedro
Tarragona,Alquiler,969707,Pedro
Tarragona,Venta,233358,Luisa
Tarragona,Venta,298350,Carmen
Tarragona,Alquiler,1100046,María
Tarragona,Venta,1531000,Joaquín
Tarragona,Venta,1238006,María
Tarragona,Venta,438480,Joaquín
Tarragona,Alquiler,1377880,Joaquín
Tarragona,Venta,1070740,Carmen
Tarragona,Alquiler,996588,Carmen
Tarragona,Alquiler,451643,María
Tarragona,Alquiler,630608,Joaquín
Tarragona,Alquiler,851032,Carmen
Tarragona,Alquiler,1248862,Jesús
Tarragona,Venta,1495260,Luisa
Tarragona,Alquiler,1194930,Jesús
Tarragona,Venta,849464,Jesús
Tarragona,Alquiler,1843074,Pedro
Tarragona,Venta,363261,Joaquín
Tarragona,Venta,1730876,Luisa
Tarragona,Alquiler,1754180,Luisa
Tarragona,Venta,520914,Jesús
Tarragona,Alquiler,400875,Joaquín
Tarragona,Alquiler,2413648,María
Tarragona,Alquiler,1857807,Luisa
Tarragona,Venta,1273320,Joaquín
Tarragona,Venta,1806650,Pedro
Tarragona,Venta,2531334,Carmen
Tarragona,Venta,657020,Pedro
Tarragona,Venta,627300,Pedro
Tarragona,Venta,778141,Jesús
Tarragona,Alquiler,1205864,Luisa
Tarragona,Venta,375999,Pedro
Tarragona,Alquiler,1543850,María
Tarragona,Venta,1435632,Luisa
Tarragona,Alquiler,1619122,Luisa
Tarragona,Venta,287952,Carmen
Tarragona,Venta,954930,María
Tarragona,Alquiler,2583126,Pedro
Tarragona,Alquiler,716793,Pedro
Tarragona,Venta,1033548,Carmen
Tarragona,Venta,1500240,Carmen
Tarragona,Venta,505040,Carmen
Tarragona,Alquiler,886222,Luisa
Tarragona,Venta,2474494,Carmen
Tarragona,Venta,1059328,Jesús
Tarragona,Venta,1201480,María
Tarragona,Venta,1179612,Carmen
Tarragona,Alquiler,1441188,Luisa
Tarragona,Venta,850720,Pedro
Tarragona,Venta,183105,Joaquín
Tarragona,Venta,832000,Luisa
Tarragona,Alquiler,1543428,Pedro
Tarragona,Venta,1352096,Jesús
Tarragona,Venta,305756,Carmen
Tarragona,Venta,1133050,Pedro
Tarragona,Venta,1864000,Luisa
Tarragona,Venta,662000,Carmen
Tarragona,Alquiler,999481,María
Tarragona,Alquiler,1206766,Joaquín
Tarragona,Venta,1137866,Joaquín
Tarragona,Alquiler,520521,Carmen
Tarragona,Venta,1040871,Pedro
Tarragona,Alquiler,1240400,Jesús
Tarragona,Alquiler,467410,Jesús
Tarragona,Alquiler,1539135,Luisa
Tarragona,Alquiler,1610973,Pedro
Tarragona,Venta,572984,Jesús
Tarragona,Alquiler,2116251,Carmen
Tarragona,Alquiler,672257,Luisa
Tarragona,Venta,470988,María
Tarragona,Alquiler,1605374,Joaquín
Tarragona,Venta,1047774,Jesús
Tarragona,Venta,2190752,Joaquín
Tarragona,Alquiler,1591584,Joaquín
Tarragona,Alquiler,525454,Luisa
Tarragona,Alquiler,1297686,Carmen
Tarragona,Alquiler,2690954,Joaquín
Tarragona,Alquiler,485013,Joaquín
Tarragona,Alquiler,2549313,Carmen
Tarragona,Alquiler,216187,Jesús
Tarragona,Alquiler,1504301,Joaquín
Tarragona,Venta,417231,Pedro
Tarragona,Alquiler,1344933,Pedro
Tarragona,Alquiler,1405305,Carmen
Tarragona,Alquiler,1001750,Joaquín
Tarragona,Alquiler,1471320,Carmen
Tarragona,Venta,880075,Jesús
Tarragona,Venta,220148,Jesús
Tarragona,Venta,716260,Luisa
Tarragona,Venta,763329,Joaquín
Tarragona,Alquiler,880380,María
Tarragona,Venta,2283372,Carmen
Tarragona,Venta,400600,María
Tarragona,Alquiler,480240,Jesús
Tarragona,Venta,456756,Pedro
Tarragona,Venta,850368,Carmen
Tarragona,Alquiler,2223919,Joaquín
Tarragona,Venta,2401083,Joaquín
Tarragona,Alquiler,519259,María
Tarragona,Alquiler,1388238,Joaquín
Tarragona,Alquiler,830648,Joaquín
Tarragona,Venta,533840,Luisa
Tarragona,Alquiler,2057496,Jesús
Tarragona,Alquiler,2202837,María
Tarragona,Alquiler,1186560,Luisa
Tarragona,Venta,1207101,María
Tarragona,Venta,786830,Carmen
Tarragona,Alquiler,2224917,Jesús
Tarragona,Venta,1447434,María
Tarragona,Venta,1627920,Jesús
Tarragona,Alquiler,562947,Luisa
Tarragona,Alquiler,756355,Pedro
Tarragona,Venta,807048,Carmen
Tarragona,Alquiler,692037,Joaquín
Tarragona,Alquiler,960032,Luisa
Tarragona,Alquiler,990360,Joaquín
Tarragona,Venta,1782683,Pedro
Tarragona,Alquiler,281548,Jesús
Tarragona,Alquiler,349623,Joaquín
Tarragona,Alquiler,404352,Joaquín
Tarragona,Alquiler,1297134,María
Tarragona,Alquiler,1246050,Luisa
Tarragona,Venta,2888325,Pedro
Tarragona,Venta,545986,Pedro
Tarragona,Alquiler,293037,Carmen
Tarragona,Venta,1499889,Pedro
Tarragona,Venta,1707224,Pedro
Tarragona,Alquiler,2045304,Jesús
Tarragona,Venta,2181353,María
Tarragona,Venta,552773,Luisa
Tarragona,Venta,785628,Jesús
Tarragona,Alquiler,1429020,Pedro
Tarragona,Alquiler,2026404,Carmen
Tarragona,Alquiler,938916,Pedro
Tarragona,Alquiler,1762180,Jesús
Tarragona,Alquiler,526800,Joaquín
Tarragona,Venta,1031305,Joaquín
Tarragona,Alquiler,824517,María
Tarragona,Alquiler,2478000,Carmen
Tarragona,Venta,1798470,Joaquín
Tarragona,Venta,2028164,María
Tarragona,Alquiler,1602720,Joaquín
Tarragona,Venta,1230990,Jesús
Tarragona,Venta,1490114,Luisa
Tarragona,Venta,2143922,Jesús
Tarragona,Alquiler,1043856,Jesús
Tarragona,Alquiler,948600,Jesús
Tarragona,Venta,598705,María
Tarragona,Venta,441373,Carmen
Tarragona,Venta,425646,Luisa
Tarragona,Venta,641520,Joaquín
Tarragona,Alquiler,873546,Joaquín
Tarragona,Venta,803300,María
Tarragona,Alquiler,1129980,Pedro
Tarragona,Alquiler,878424,Carmen
Tarragona,Venta,2133472,Carmen
Tarragona,Venta,549668,Pedro
Tarragona,Alquiler,1779825,María
Tarragona,Venta,2215117,Jesús
Tarragona,Venta,257725,Jesús
Tarragona,Venta,2669472,Joaquín
Tarragona,Venta,1204722,Joaquín
Tarragona,Venta,1133352,Pedro
Tarragona,Venta,1050000,Pedro
Tarragona,Venta,991224,Carmen
Tarragona,Venta,511840,María
Tarragona,Alquiler,1642664,Luisa
Tarragona,Alquiler,452417,Luisa
Tarragona,Alquiler,955500,Luisa
Tarragona,Alquiler,658157,Pedro
Tarragona,Alquiler,938836,Jesús
Tarragona,Alquiler,1499134,Joaquín
Tarragona,Venta,957582,Joaquín
Tarragona,Venta,417872,Luisa
Tarragona,Venta,514596,Luisa
Tarragona,Alquiler,1162172,Luisa
Tarragona,Venta,1093887,Pedro
Tarragona,Venta,265913,Luisa
Tarragona,Alquiler,1174203,Pedro
Tarragona,Venta,1300500,Carmen
Tarragona,Venta,392972,Pedro
Tarragona,Venta,2070750,Carmen
Tarragona,Venta,1380764,Carmen
Tarragona,Venta,1116587,Carmen
Tarragona,Alquiler,917378,Carmen
Tarragona,Venta,1601600,Luisa
Tarragona,Alquiler,416430,Jesús
Tarragona,Venta,501380,Jesús
Tarragona,Alquiler,508606,Carmen
Tarragona,Alquiler,1179190,Luisa
Tarragona,Alquiler,1926344,María
Tarragona,Venta,426010,Joaquín
Tarragona,Alquiler,363968,Carmen
Tarragona,Venta,1360523,Jesús
Tarragona,Alquiler,1276289,María
Tarragona,Alquiler,2613405,Carmen
Tarragona,Alquiler,1674903,Jesús
Tarragona,Alquiler,1539252,Pedro
Tarragona,Alquiler,1228320,Jesús
Tarragona,Alquiler,1021230,Carmen
Tarragona,Alquiler,405280,Carmen
Tarragona,Venta,783860,Carmen
Tarragona,Venta,1002211,María
Tarragona,Venta,2446962,María
Tarragona,Alquiler,536679,Joaquín
Tarragona,Alquiler,814968,María
Tarragona,Alquiler,1395387,Luisa
Tarragona,Venta,696762,Pedro
Tarragona,Venta,701250,Luisa
Tarragona,Venta,2789428,Pedro
Tarragona,Alquiler,2021880,Joaquín
Tarragona,Venta,2456958,Jesús
Tarragona,Venta,1642584,Luisa
Tarragona,Venta,1058840,Jesús
Tarragona,Venta,2303928,Luisa
Tarragona,Venta,1693710,Pedro
Tarragona,Venta,456672,Pedro
Tarragona,Alquiler,1432500,María
Tarragona,Alquiler,927627,Pedro
Tarragona,Venta,924866,Jesús
Tarragona,Alquiler,1347420,Jesús
Tarragona,Venta,588756,Carmen
Tarragona,Venta,823200,María
Tarragona,Alquiler,1792560,Joaquín
Tarragona,Venta,1102280,Pedro
Tarragona,Venta,1275560,María
Tarragona,Venta,1568697,Luisa
Tarragona,Alquiler,1184376,Luisa
Tarragona,Venta,873200,Pedro
Tarragona,Alquiler,938562,María
Tarragona,Alquiler,255061,Pedro
Tarragona,Alquiler,1182841,María
Tarragona,Alquiler,1469460,Carmen
Tarragona,Venta,1522840,María
Tarragona,Venta,1489911,Carmen
Tarragona,Alquiler,1447509,Joaquín
Tarragona,Alquiler,1440540,Jesús
Tarragona,Venta,1197485,Pedro
Tarragona,Venta,709560,Joaquín
Tarragona,Alquiler,1713992,Pedro
Tarragona,Alquiler,1355046,Jesús
Tarragona,Alquiler,810186,Joaquín
Tarragona,Alquiler,1820448,Joaquín
Tarragona,Alquiler,1482810,Carmen
Tarragona,Alquiler,1709037,Carmen
Tarragona,Venta,669664,Jesús
Tarragona,Venta,1204200,Joaquín
Tarragona,Alquiler,808192,Carmen
Tarragona,Alquiler,536672,María
Tarragona,Alquiler,1677728,Pedro
Tarragona,Venta,224342,Jesús
Tarragona,Venta,570760,María
Tarragona,Alquiler,1747292,Carmen
Tarragona,Alquiler,1627556,María
Tarragona,Venta,1522222,María
Tarragona,Venta,652896,Joaquín
Tarragona,Alquiler,734786,Joaquín
Tarragona,Venta,506540,Joaquín
Tarragona,Alquiler,481992,Jesús
Tarragona,Venta,2069786,Luisa
Tarragona,Alquiler,973764,Joaquín
Tarragona,Venta,2331324,Joaquín
Tarragona,Alquiler,1302720,María
Tarragona,Alquiler,673670,Pedro
Tarragona,Venta,1031058,Carmen
Tarragona,Venta,262185,Joaquín
Tarragona,Alquiler,839522,Luisa
Tarragona,Alquiler,342078,Pedro
Tarragona,Venta,1912638,Luisa
Tarragona,Alquiler,544896,Carmen
Tarragona,Alquiler,1109262,Carmen
Tarragona,Venta,982563,Pedro
Tarragona,Alquiler,443976,Jesús
Tarragona,Alquiler,788697,Luisa
Tarragona,Venta,888900,Joaquín
Tarragona,Venta,1761200,Joaquín
Tarragona,Venta,703950,María
Tarragona,Venta,1552041,Luisa
Tarragona,Venta,1463264,Pedro
Tarragona,Venta,1343844,Carmen
Tarragona,Venta,1460224,María
Tarragona,Alquiler,1705712,Joaquín
Tarragona,Venta,708792,Luisa
Tarragona,Alquiler,1331936,Joaquín
Tarragona,Venta,1646556,Carmen
Tarragona,Alquiler,603780,Joaquín
Tarragona,Venta,1685729,Luisa
Tarragona,Alquiler,1550780,Carmen
Tarragona,Alquiler,948832,Joaquín
Tarragona,Venta,867465,María
Tarragona,Alquiler,926350,Carmen
Tarragona,Alquiler,1396200,Pedro
Tarragona,Venta,461130,Joaquín
Tarragona,Alquiler,2427558,Pedro
Tarragona,Venta,328482,Joaquín
Tarragona,Alquiler,1442460,Carmen
Tarragona,Venta,385396,Jesús
Tarragona,Venta,1690730,Carmen
Tarragona,Venta,828138,Carmen
Tarragona,Venta,485520,Luisa
Tarragona,Alquiler,746940,Jesús
Tarragona,Venta,733134,Jesús
Tarragona,Venta,1213312,María
Tarragona,Alquiler,1760920,Jesús
Tarragona,Alquiler,978588,Jesús
Tarragona,Alquiler,1405404,María
Tarragona,Venta,2236490,Joaquín
Tarragona,Venta,737635,Carmen
Tarragona,Venta,809080,Jesús
Tarragona,Alquiler,704894,Carmen
Tarragona,Alquiler,407044,Jesús
Tarragona,Venta,1058628,Luisa
Tarragona,Venta,1240827,Carmen
Tarragona,Venta,1772840,Pedro
Tarragona,Alquiler,1026596,Carmen
Tarragona,Venta,1670116,Pedro
Tarragona,Venta,1690164,María
Tarragona,Alquiler,1203524,Luisa
Tarragona,Alquiler,1359677,Pedro
Tarragona,Alquiler,2398682,Joaquín
Tarragona,Alquiler,1794807,Luisa
Tarragona,Alquiler,1716390,Jesús
Tarragona,Venta,2047761,María
Tarragona,Alquiler,2813776,Luisa
Tarragona,Alquiler,1953742,Joaquín
Tarragona,Alquiler,2072692,Carmen
Tarragona,Alquiler,2585100,Luisa
Tarragona,Alquiler,506184,María
Tarragona,Venta,729280,Jesús
Tarragona,Alquiler,1840571,Luisa
Tarragona,Alquiler,817094,María
Tarragona,Venta,615663,Jesús
Tarragona,Venta,1163388,Joaquín
Tarragona,Alquiler,499380,Joaquín
Tarragona,Alquiler,248283,María
Tarragona,Venta,2370200,Luisa
Tarragona,Alquiler,1112010,Pedro
Tarragona,Alquiler,1927770,Jesús
Tarragona,Alquiler,795318,Joaquín
Tarragona,Alquiler,328720,Luisa
Tarragona,Venta,1438226,Pedro
Tarragona,Venta,1410370,María
Tarragona,Alquiler,685368,Carmen
Tarragona,Venta,1843694,Carmen
Tarragona,Alquiler,696696,
Tarragona,Alquiler,1126951,Joaquín
Tarragona,Venta,1068376,Carmen
Tarragona,Alquiler,1397060,Pedro
Tarragona,Venta,395879,Jesús
Tarragona,Alquiler,405324,
Tarragona,Alquiler,2632500,Carmen
Tarragona,Alquiler,2380170,Pedro
Tarragona,Alquiler,2693026,
Tarragona,Alquiler,1149897,Luisa
Tarragona,Alquiler,936187,Pedro
Tarragona,Venta,422750,
Tarragona,Alquiler,1166860,Joaquín
Tarragona,Venta,2384480,Pedro
Tarragona,Alquiler,181170,Jesús
Tarragona,Venta,1826024,
Tarragona,Venta,885339,Pedro
Tarragona,Alquiler,2198502,Carmen
Tarragona,Alquiler,1010862,Carmen
Tarragona,Alquiler,1253505,María
Tarragona,Venta,373032,
Tarragona,Alquiler,1362984,Carmen
Tarragona,Alquiler,1059916,Carmen
Tarragona,Venta,1127473,Luisa
Tarragona,Venta,1154101,
Tarragona,Alquiler,879870,Pedro
Tarragona,Venta,1359579,Carmen
Tarragona,Alquiler,1431891,
Tarragona,Alquiler,1064301,
Tarragona,Venta,1844282,
Tarragona,Venta,1476534,Luisa
Tarragona,Alquiler,395096,María
Tarragona,Venta,1232927,
Tarragona,Venta,1706280,Joaquín
Tarragona,Alquiler,395751,Joaquín
Tarragona,Venta,880440,María
Tarragona,Alquiler,2211979,María
Tarragona,Venta,596778,Pedro
Tarragona,Alquiler,1984808,Carmen
Tarragona,Venta,1324125,Carmen
Tarragona,Venta,957264,
Tarragona,Alquiler,1473219,Jesús
Tarragona,Venta,395149,
Tarragona,Alquiler,563762,
Tarragona,Venta,554148,
Tarragona,Venta,1793695,Carmen
Tarragona,Venta,1096452,Luisa
Tarragona,Alquiler,1277381,
Tarragona,Alquiler,354853,
Tarragona,Venta,1981440,Jesús
Tarragona,Venta,2080290,Luisa
Tarragona,Venta,634130,Joaquín
Tarragona,Alquiler,1553772,Luisa
Tarragona,Alquiler,613251,Joaquín
Tarragona,Venta,351492,María
Tarragona,Alquiler,348823,
Tarragona,Alquiler,407114,Pedro
Tarragona,Venta,1349705,
Tarragona,Venta,256992,
Tarragona,Alquiler,1299315,
Tarragona,Venta,545100,Pedro
Tarragona,Venta,1580790,Carmen
Tarragona,Alquiler,482274,María
Tarragona,Alquiler,779058,
Tarragona,Venta,578688,
Tarragona,Venta,1728230,
Tarragona,Alquiler,2066688,
Tarragona,Venta,579348,Carmen
Tarragona,Alquiler,958608,Jesús
Tarragona,Alquiler,375067,Carmen
Tarragona,Venta,1819875,
Tarragona,Venta,2072632,Joaquín
Tarragona,Venta,724090,
Tarragona,Venta,985883,Luisa
Tarragona,Venta,1015015,Carmen
Tarragona,Venta,1211427,Jesús
Tarragona,Alquiler,1028988,
Tarragona,Venta,1794366,
Tarragona,Venta,2429752,Carmen
Tarragona,Alquiler,2621925,Carmen
Tarragona,Alquiler,2560527,
Tarragona,Venta,839630,
Tarragona,Alquiler,1573514,Pedro
Tarragona,Venta,224928,
Tarragona,Venta,1438866,
Tarragona,Alquiler,961368,
Tarragona,Venta,1513765,
Tarragona,Alquiler,1469446,Joaquín
Tarragona,Alquiler,1318707,
Tarragona,Venta,1661760,
Tarragona,Alquiler,1107301,
Tarragona,Alquiler,887328,
Tarragona,Alquiler,455499,
Tarragona,Alquiler,567611,Jesús
Tarragona,Alquiler,2292160,Jesús
Tarragona,Venta,238975,
Tarragona,Venta,1014196,
Tarragona,Alquiler,1771492,
Tarragona,Venta,598290,
Tarragona,Alquiler,1239672,Jesús
Tarragona,Alquiler,879366,
Tarragona,Alquiler,2081868,
Tarragona,Alquiler,1166375,
Tarragona,Alquiler,282405,
Tarragona,Venta,1185536,
Tarragona,Venta,288360,Jesús
Tarragona,Alquiler,519365,
Tarragona,Alquiler,890925,
Tarragona,Alquiler,1165649,
Tarragona,Venta,1078668,Jesús
Tarragona,Alquiler,1270908,
Tarragona,Venta,1045317,
Tarragona,Venta,258030,
Tarragona,Alquiler,2170622,Jesús
Tarragona,Venta,1077196,María
Tarragona,Venta,1246058,
Tarragona,Alquiler,1185790,
Tarragona,Alquiler,1482068,
Tarragona,Alquiler,249072,
Tarragona,Venta,1377210,
Tarragona,Venta,910563,
Tarragona,Alquiler,1408680,Jesús
Tarragona,Alquiler,1492656,
Tarragona,Venta,1794927,
Tarragona,Venta,903960,
Tarragona,Alquiler,1112631,
Tarragona,Venta,645250,
Tarragona,Alquiler,1646624,
Tarragona,Alquiler,667520,
Tarragona,Alquiler,478272,
Tarragona,Alquiler,1725087,
Tarragona,Venta,643200,
Tarragona,Alquiler,1895036,
Tarragona,Alquiler,862634,
Tarragona,Venta,713250,
Tarragona,Venta,2204352,
Tarragona,Venta,373240,
Tarragona,Venta,1486030,
Tarragona,Venta,1230684,
Tarragona,Alquiler,1360268,
Tarragona,Venta,1598664,
Tarragona,Alquiler,2143368,
Tarragona,Alquiler,1491920,
Tarragona,Venta,657270,
Tarragona,Venta,2321325,
Tarragona,Venta,1896340,
Tarragona,Venta,1554336,
Tarragona,Alquiler,1086478,
Tarragona,Alquiler,1014928,
Tarragona,Alquiler,915936,
Tarragona,Alquiler,659808,
Tarragona,Alquiler,599604,
Tarragona,Venta,2449082,
Tarragona,Alquiler,2658076,
Tarragona,Venta,185010,
Tarragona,Venta,2902284,
Tarragona,Alquiler,443362,
Tarragona,Venta,1468740,
Tarragona,Alquiler,1108604,
Tarragona,Alquiler,2357240,
Tarragona,Venta,1855770,
Tarragona,Venta,1158894,
Tarragona,Venta,305945,
Tarragona,Venta,1175040,
Tarragona,Alquiler,1780812,
Tarragona,Alquiler,1028074,
Tarragona,Alquiler,904935,
Tarragona,Venta,606279,
Tarragona,Alquiler,311090,
Tarragona,Alquiler,732028,
Tarragona,Alquiler,1057310,
Tarragona,Alquiler,1859220,
Tarragona,Alquiler,181192,
Tarragona,Alquiler,1694763,
Tarragona,Venta,1083261,
Tarragona,Venta,997968,
Tarragona,Venta,1607588,
Tarragona,Venta,522912,
Tarragona,Venta,812913,
Tarragona,Venta,1456487,
Tarragona,Venta,1128390,
Tarragona,Venta,720576,
Tarragona,Venta,325420,
Tarragona,Alquiler,1194342,
Tarragona,Venta,306020,
Tarragona,Alquiler,347776,
Tarragona,Alquiler,774792,
Tarragona,Alquiler,555013,
Tarragona,Venta,192290,
Tarragona,Alquiler,1202811,
Tarragona,Alquiler,1608903,
Tarragona,Alquiler,1475952,
Tarragona,Alquiler,1925935,
Tarragona,Alquiler,1178610,
Tarragona,Alquiler,622909,
Tarragona,Venta,1056839,
Tarragona,Alquiler,1656364,
Tarragona,Venta,761536,
Tarragona,Alquiler,631057,
Tarragona,Alquiler,443460,
Tarragona,Alquiler,787400,
Tarragona,Venta,2689434,
Tarragona,Alquiler,2179125,
Tarragona,Venta,1026508,
Tarragona,Venta,1180036,
Tarragona,Venta,760620,
Tarragona,Alquiler,825430,
Tarragona,Alquiler,830830,
Tarragona,Alquiler,2129576,
Tarragona,Alquiler,1297780,
Tarragona,Venta,1386892,
Tarragona,Venta,540018,
Tarragona,Alquiler,293172,
Tarragona,Alquiler,463424,
Tarragona,Venta,740688,
